state,Period 1 ET Cost,Period 2 ET Cost,Period 3 ET Cost,Period 4 ET Cost,Period 5 ET Cost,Period 6 ET Cost,Period 7 ET Cost,Period 8 ET Cost,Period 9 ET Cost,Period 10 ET Cost
"({1, 2, 3, 4, 5, 6, 7}, 20)",,,,,,,,,,
"({1, 2, 3, 4, 5, 6, 7}, 19)",,,,,,,,,,
"({1, 2, 3, 4, 5, 6, 7}, 18)",,,,,,,,,,
"({1, 2, 3, 4, 5, 6, 7}, 17)",,,,,,,,,,
"({1, 2, 3, 4, 5, 6, 7}, 16)",,,,,,,,,,
"({1, 2, 3, 4, 5, 6, 7}, 15)",9054810.917000,10440682.580000,11360742.750000,13602641.380000,13947822.000000,15676972.500000,17209561.950000,19228778.920000,20867437.500000,23860886.580000
"({1, 2, 3, 4, 5, 6, 7}, 14)",9054810.917000,10440682.580000,11360742.750000,13602641.380000,13947822.000000,15676972.500000,17209561.950000,19228778.920000,0,0
"({1, 2, 3, 4, 5, 6, 7}, 13)",9054810.917000,10440682.580000,11360742.750000,13602641.380000,13947822.000000,15676972.500000,17209561.950000,0,0,0
"({1, 2, 3, 4, 5, 6, 7}, 12)",9054810.917000,10440682.580000,11360742.750000,13602641.380000,13947822.000000,15676972.500000,17209561.950000,0,0,0
"({1, 2, 3, 4, 5, 6, 7}, 11)",9054810.917000,10440682.580000,11360742.750000,13602641.380000,13947822.000000,15676972.500000,0,0,0,0
"({1, 2, 3, 4, 5, 6, 7}, 10)",9054810.917000,10440682.580000,11360742.750000,13602641.380000,13947822.000000,15676972.500000,0,0,0,0
"({1, 2, 3, 4, 5, 6, 7}, 9)",9054810.917000,10440682.580000,11360742.750000,13602641.380000,0,0,0,0,0,0
"({1, 2, 3, 4, 5, 6, 7}, 8)",9054810.917000,10440682.580000,11360742.750000,13602641.380000,0,0,0,0,0,0
"({1, 2, 3, 4, 5, 6, 7}, 7)",9054810.917000,10440682.580000,11360742.750000,0,0,0,0,0,0,0
"({1, 2, 3, 4, 5, 6, 7}, 6)",9054810.917000,10440682.580000,0,0,0,0,0,0,0,0
"({1, 2, 3, 4, 5, 6, 7}, 5)",9054810.917000,10440682.580000,0,0,0,0,0,0,0,0
"({1, 3, 4, 5, 6, 7}, 20)",,,,,,,,,,
"({1, 3, 4, 5, 6, 7}, 19)",,,,,,,,,,
"({1, 3, 4, 5, 6, 7}, 18)",,,,,,,,,,
"({1, 3, 4, 5, 6, 7}, 17)",,,,,,,,,,
"({1, 3, 4, 5, 6, 7}, 16)",,,,,,,,,,
"({1, 3, 4, 5, 6, 7}, 15)",9206490.417000,10336921.000000,11670492.750000,13602641.500000,14022834.350000,15735903.750000,17989475.120000,19922962.920000,21076678.000000,24620684.670000
"({1, 3, 4, 5, 6, 7}, 14)",9206490.417000,10336921.000000,11670492.750000,13602641.500000,14022834.350000,15735903.750000,17989475.120000,19922962.920000,0,0
"({1, 3, 4, 5, 6, 7}, 13)",9206490.417000,10336921.000000,11670492.750000,13602641.500000,14022834.350000,15735903.750000,17989475.120000,0,0,0
"({1, 3, 4, 5, 6, 7}, 12)",9206490.417000,10336921.000000,11670492.750000,13602641.500000,14022834.350000,15735903.750000,17989475.120000,0,0,0
"({1, 3, 4, 5, 6, 7}, 11)",9206490.417000,10336921.000000,11670492.750000,13602641.500000,14022834.350000,15735903.750000,0,0,0,0
"({1, 3, 4, 5, 6, 7}, 10)",9206490.417000,10336921.000000,11670492.750000,13602641.500000,14022834.350000,15735903.750000,0,0,0,0
"({1, 3, 4, 5, 6, 7}, 9)",9206490.417000,10336921.000000,11670492.750000,13602641.500000,0,0,0,0,0,0
"({1, 3, 4, 5, 6, 7}, 8)",9206490.417000,10336921.000000,11670492.750000,13602641.500000,0,0,0,0,0,0
"({1, 3, 4, 5, 6, 7}, 7)",9206490.417000,10336921.000000,11670492.750000,0,0,0,0,0,0,0
"({1, 3, 4, 5, 6, 7}, 6)",9206490.417000,10336921.000000,0,0,0,0,0,0,0,0
"({1, 3, 4, 5, 6, 7}, 5)",9206490.417000,10336921.000000,0,0,0,0,0,0,0,0
"({1, 2, 4, 5, 6, 7}, 20)",,,,,,,,,,
"({1, 2, 4, 5, 6, 7}, 19)",,,,,,,,,,
"({1, 2, 4, 5, 6, 7}, 18)",,,,,,,,,,
"({1, 2, 4, 5, 6, 7}, 17)",,,,,,,,,,
"({1, 2, 4, 5, 6, 7}, 16)",,,,,,,,,,
"({1, 2, 4, 5, 6, 7}, 15)",9270416.750000,10707312.820000,11342140.830000,13909849.330000,14104115.080000,15814654.920000,17909749.560000,19544113.750000,21599801.420000,24110242.920000
"({1, 2, 4, 5, 6, 7}, 14)",9270416.750000,10707312.820000,11342140.830000,13909849.330000,14104115.080000,15814654.920000,17909749.560000,19544113.750000,0,0
"({1, 2, 4, 5, 6, 7}, 13)",9270416.750000,10707312.820000,11342140.830000,13909849.330000,14104115.080000,15814654.920000,17909749.560000,0,0,0
"({1, 2, 4, 5, 6, 7}, 12)",9270416.750000,10707312.820000,11342140.830000,13909849.330000,14104115.080000,15814654.920000,17909749.560000,0,0,0
"({1, 2, 4, 5, 6, 7}, 11)",9270416.750000,10707312.820000,11342140.830000,13909849.330000,14104115.080000,15814654.920000,0,0,0,0
"({1, 2, 4, 5, 6, 7}, 10)",9270416.750000,10707312.820000,11342140.830000,13909849.330000,14104115.080000,15814654.920000,0,0,0,0
"({1, 2, 4, 5, 6, 7}, 9)",9270416.750000,10707312.820000,11342140.830000,13909849.330000,0,0,0,0,0,0
"({1, 2, 4, 5, 6, 7}, 8)",9270416.750000,10707312.820000,11342140.830000,13909849.330000,0,0,0,0,0,0
"({1, 2, 4, 5, 6, 7}, 7)",9270416.750000,10707312.820000,11342140.830000,0,0,0,0,0,0,0
"({1, 2, 4, 5, 6, 7}, 6)",9270416.750000,10707312.820000,0,0,0,0,0,0,0,0
"({1, 2, 4, 5, 6, 7}, 5)",9270416.750000,10707312.820000,0,0,0,0,0,0,0,0
"({1, 2, 3, 5, 6, 7}, 20)",,,,,,,,,,
"({1, 2, 3, 5, 6, 7}, 19)",,,,,,,,,,
"({1, 2, 3, 5, 6, 7}, 18)",,,,,,,,,,
"({1, 2, 3, 5, 6, 7}, 17)",,,,,,,,,,
"({1, 2, 3, 5, 6, 7}, 16)",,,,,,,,,,
"({1, 2, 3, 5, 6, 7}, 15)",9012040.917000,10397912.580000,11360742.750000,13602639.220000,13947822.000000,15679702.500000,17226055.700000,19240381.420000,20834336.250000,23860886.580000
"({1, 2, 3, 5, 6, 7}, 14)",9012040.917000,10397912.580000,11360742.750000,13602639.220000,13947822.000000,15679702.500000,17226055.700000,19240381.420000,0,0
"({1, 2, 3, 5, 6, 7}, 13)",9012040.917000,10397912.580000,11360742.750000,13602639.220000,13947822.000000,15679702.500000,17226055.700000,0,0,0
"({1, 2, 3, 5, 6, 7}, 12)",9012040.917000,10397912.580000,11360742.750000,13602639.220000,13947822.000000,15679702.500000,17226055.700000,0,0,0
"({1, 2, 3, 5, 6, 7}, 11)",9012040.917000,10397912.580000,11360742.750000,13602639.220000,13947822.000000,15679702.500000,0,0,0,0
"({1, 2, 3, 5, 6, 7}, 10)",9012040.917000,10397912.580000,11360742.750000,13602639.220000,13947822.000000,15679702.500000,0,0,0,0
"({1, 2, 3, 5, 6, 7}, 9)",9012040.917000,10397912.580000,11360742.750000,13602639.220000,0,0,0,0,0,0
"({1, 2, 3, 5, 6, 7}, 8)",9012040.917000,10397912.580000,11360742.750000,13602639.220000,0,0,0,0,0,0
"({1, 2, 3, 5, 6, 7}, 7)",9012040.917000,10397912.580000,11360742.750000,0,0,0,0,0,0,0
"({1, 2, 3, 5, 6, 7}, 6)",9012040.917000,10397912.580000,0,0,0,0,0,0,0,0
"({1, 2, 3, 5, 6, 7}, 5)",9012040.917000,10397912.580000,0,0,0,0,0,0,0,0
"({1, 2, 3, 4, 6, 7}, 20)",,,,,,,,,,
"({1, 2, 3, 4, 6, 7}, 19)",,,,,,,,,,
"({1, 2, 3, 4, 6, 7}, 18)",,,,,,,,,,
"({1, 2, 3, 4, 6, 7}, 17)",,,,,,,,,,
"({1, 2, 3, 4, 6, 7}, 16)",,,,,,,,,,
"({1, 2, 3, 4, 6, 7}, 15)",9012040.917000,10397912.580000,11360742.750000,13602641.500000,13947822.000000,15676972.500000,17216159.450000,19250050.170000,20834336.250000,23924814.080000
"({1, 2, 3, 4, 6, 7}, 14)",9012040.917000,10397912.580000,11360742.750000,13602641.500000,13947822.000000,15676972.500000,17216159.450000,19250050.170000,0,0
"({1, 2, 3, 4, 6, 7}, 13)",9012040.917000,10397912.580000,11360742.750000,13602641.500000,13947822.000000,15676972.500000,17216159.450000,0,0,0
"({1, 2, 3, 4, 6, 7}, 12)",9012040.917000,10397912.580000,11360742.750000,13602641.500000,13947822.000000,15676972.500000,17216159.450000,0,0,0
"({1, 2, 3, 4, 6, 7}, 11)",9012040.917000,10397912.580000,11360742.750000,13602641.500000,13947822.000000,15676972.500000,0,0,0,0
"({1, 2, 3, 4, 6, 7}, 10)",9012040.917000,10397912.580000,11360742.750000,13602641.500000,13947822.000000,15676972.500000,0,0,0,0
"({1, 2, 3, 4, 6, 7}, 9)",9012040.917000,10397912.580000,11360742.750000,13602641.500000,0,0,0,0,0,0
"({1, 2, 3, 4, 6, 7}, 8)",9012040.917000,10397912.580000,11360742.750000,13602641.500000,0,0,0,0,0,0
"({1, 2, 3, 4, 6, 7}, 7)",9012040.917000,10397912.580000,11360742.750000,0,0,0,0,0,0,0
"({1, 2, 3, 4, 6, 7}, 6)",9012040.917000,10397912.580000,0,0,0,0,0,0,0,0
"({1, 2, 3, 4, 6, 7}, 5)",9012040.917000,10397912.580000,0,0,0,0,0,0,0,0
"({1, 2, 3, 4, 5, 7}, 20)",,,,,,,,,,
"({1, 2, 3, 4, 5, 7}, 19)",,,,,,,,,,
"({1, 2, 3, 4, 5, 7}, 18)",,,,,,,,,,
"({1, 2, 3, 4, 5, 7}, 17)",,,,,,,,,,
"({1, 2, 3, 4, 5, 7}, 16)",,,,,,,,,,
"({1, 2, 3, 4, 5, 7}, 15)",9054810.917000,10440682.980000,11360742.750000,13602641.500000,13947822.000000,15664687.500000,17209561.950000,19249367.670000,20879608.750000,23947677.830000
"({1, 2, 3, 4, 5, 7}, 14)",9054810.917000,10440682.980000,11360742.750000,13602641.500000,13947822.000000,15664687.500000,17209561.950000,19249367.670000,0,0
"({1, 2, 3, 4, 5, 7}, 13)",9054810.917000,10440682.980000,11360742.750000,13602641.500000,13947822.000000,15664687.500000,17209561.950000,0,0,0
"({1, 2, 3, 4, 5, 7}, 12)",9054810.917000,10440682.980000,11360742.750000,13602641.500000,13947822.000000,15664687.500000,17209561.950000,0,0,0
"({1, 2, 3, 4, 5, 7}, 11)",9054810.917000,10440682.980000,11360742.750000,13602641.500000,13947822.000000,15664687.500000,0,0,0,0
"({1, 2, 3, 4, 5, 7}, 10)",9054810.917000,10440682.980000,11360742.750000,13602641.500000,13947822.000000,15664687.500000,0,0,0,0
"({1, 2, 3, 4, 5, 7}, 9)",9054810.917000,10440682.980000,11360742.750000,13602641.500000,0,0,0,0,0,0
"({1, 2, 3, 4, 5, 7}, 8)",9054810.917000,10440682.980000,11360742.750000,13602641.500000,0,0,0,0,0,0
"({1, 2, 3, 4, 5, 7}, 7)",9054810.917000,10440682.980000,11360742.750000,0,0,0,0,0,0,0
"({1, 2, 3, 4, 5, 7}, 6)",9054810.917000,10440682.980000,0,0,0,0,0,0,0,0
"({1, 2, 3, 4, 5, 7}, 5)",9054810.917000,10440682.980000,0,0,0,0,0,0,0,0
"({1, 2, 3, 4, 5, 6}, 20)",,,,,,,,,,
"({1, 2, 3, 4, 5, 6}, 19)",,,,,,,,,,
"({1, 2, 3, 4, 5, 6}, 18)",,,,,,,,,,
"({1, 2, 3, 4, 5, 6}, 17)",,,,,,,,,,
"({1, 2, 3, 4, 5, 6}, 16)",,,,,,,,,,
"({1, 2, 3, 4, 5, 6}, 15)",9357063.083000,10390602.830000,11376902.250000,13682157.420000,13877423.000000,15655263.750000,17689964.250000,19828586.750000,21205717.170000,24573307.730000
"({1, 2, 3, 4, 5, 6}, 14)",9357063.083000,10390602.830000,11376902.250000,13682157.420000,13877423.000000,15655263.750000,17689964.250000,19828586.750000,0,0
"({1, 2, 3, 4, 5, 6}, 13)",9357063.083000,10390602.830000,11376902.250000,13682157.420000,13877423.000000,15655263.750000,17689964.250000,0,0,0
"({1, 2, 3, 4, 5, 6}, 12)",9357063.083000,10390602.830000,11376902.250000,13682157.420000,13877423.000000,15655263.750000,17689964.250000,0,0,0
"({1, 2, 3, 4, 5, 6}, 11)",9357063.083000,10390602.830000,11376902.250000,13682157.420000,13877423.000000,15655263.750000,0,0,0,0
"({1, 2, 3, 4, 5, 6}, 10)",9357063.083000,10390602.830000,11376902.250000,13682157.420000,13877423.000000,15655263.750000,0,0,0,0
"({1, 2, 3, 4, 5, 6}, 9)",9357063.083000,10390602.830000,11376902.250000,13682157.420000,0,0,0,0,0,0
"({1, 2, 3, 4, 5, 6}, 8)",9357063.083000,10390602.830000,11376902.250000,13682157.420000,0,0,0,0,0,0
"({1, 2, 3, 4, 5, 6}, 7)",9357063.083000,10390602.830000,11376902.250000,0,0,0,0,0,0,0
"({1, 2, 3, 4, 5, 6}, 6)",9357063.083000,10390602.830000,0,0,0,0,0,0,0,0
"({1, 2, 3, 4, 5, 6}, 5)",9357063.083000,10390602.830000,0,0,0,0,0,0,0,0
"({1, 4, 5, 6, 7}, 20)",,,,,,,,,,
"({1, 4, 5, 6, 7}, 19)",,,,,,,,,,
"({1, 4, 5, 6, 7}, 18)",,,,,,,,,,
"({1, 4, 5, 6, 7}, 17)",,,,,,,,,,
"({1, 4, 5, 6, 7}, 16)",,,,,,,,,,
"({1, 4, 5, 6, 7}, 15)",9464864.767000,10646320.420000,11651890.830000,13909849.330000,14179127.470000,15873586.170000,18692392.830000,20208381.670000,21842143.170000,24731493.500000
"({1, 4, 5, 6, 7}, 14)",9464864.767000,10646320.420000,11651890.830000,13909849.330000,14179127.470000,15873586.170000,18692392.830000,20208381.670000,0,0
"({1, 4, 5, 6, 7}, 13)",9464864.767000,10646320.420000,11651890.830000,13909849.330000,14179127.470000,15873586.170000,18692392.830000,0,0,0
"({1, 4, 5, 6, 7}, 12)",9464864.767000,10646320.420000,11651890.830000,13909849.330000,14179127.470000,15873586.170000,18692392.830000,0,0,0
"({1, 4, 5, 6, 7}, 11)",9464864.767000,10646320.420000,11651890.830000,13909849.330000,14179127.470000,15873586.170000,0,0,0,0
"({1, 4, 5, 6, 7}, 10)",9464864.767000,10646320.420000,11651890.830000,13909849.330000,14179127.470000,15873586.170000,0,0,0,0
"({1, 4, 5, 6, 7}, 9)",9464864.767000,10646320.420000,11651890.830000,13909849.330000,0,0,0,0,0,0
"({1, 4, 5, 6, 7}, 8)",9464864.767000,10646320.420000,11651890.830000,13909849.330000,0,0,0,0,0,0
"({1, 4, 5, 6, 7}, 7)",9464864.767000,10646320.420000,11651890.830000,0,0,0,0,0,0,0
"({1, 4, 5, 6, 7}, 6)",9464864.767000,10646320.420000,0,0,0,0,0,0,0,0
"({1, 4, 5, 6, 7}, 5)",9464864.767000,10646320.420000,0,0,0,0,0,0,0,0
"({1, 3, 5, 6, 7}, 20)",,,,,,,,,,
"({1, 3, 5, 6, 7}, 19)",,,,,,,,,,
"({1, 3, 5, 6, 7}, 18)",,,,,,,,,,
"({1, 3, 5, 6, 7}, 17)",,,,,,,,,,
"({1, 3, 5, 6, 7}, 16)",,,,,,,,,,
"({1, 3, 5, 6, 7}, 15)",9305566.667000,10336921.000000,11670492.750000,13602641.500000,14022834.350000,15735903.750000,17989475.120000,19953220.580000,21109779.250000,24528774.670000
"({1, 3, 5, 6, 7}, 14)",9305566.667000,10336921.000000,11670492.750000,13602641.500000,14022834.350000,15735903.750000,17989475.120000,19953220.580000,0,0
"({1, 3, 5, 6, 7}, 13)",9305566.667000,10336921.000000,11670492.750000,13602641.500000,14022834.350000,15735903.750000,17989475.120000,0,0,0
"({1, 3, 5, 6, 7}, 12)",9305566.667000,10336921.000000,11670492.750000,13602641.500000,14022834.350000,15735903.750000,17989475.120000,0,0,0
"({1, 3, 5, 6, 7}, 11)",9305566.667000,10336921.000000,11670492.750000,13602641.500000,14022834.350000,15735903.750000,0,0,0,0
"({1, 3, 5, 6, 7}, 10)",9305566.667000,10336921.000000,11670492.750000,13602641.500000,14022834.350000,15735903.750000,0,0,0,0
"({1, 3, 5, 6, 7}, 9)",9305566.667000,10336921.000000,11670492.750000,13602641.500000,0,0,0,0,0,0
"({1, 3, 5, 6, 7}, 8)",9305566.667000,10336921.000000,11670492.750000,13602641.500000,0,0,0,0,0,0
"({1, 3, 5, 6, 7}, 7)",9305566.667000,10336921.000000,11670492.750000,0,0,0,0,0,0,0
"({1, 3, 5, 6, 7}, 6)",9305566.667000,10336921.000000,0,0,0,0,0,0,0,0
"({1, 3, 5, 6, 7}, 5)",9305566.667000,10336921.000000,0,0,0,0,0,0,0,0
"({1, 3, 4, 6, 7}, 20)",,,,,,,,,,
"({1, 3, 4, 6, 7}, 19)",,,,,,,,,,
"({1, 3, 4, 6, 7}, 18)",,,,,,,,,,
"({1, 3, 4, 6, 7}, 17)",,,,,,,,,,
"({1, 3, 4, 6, 7}, 16)",,,,,,,,,,
"({1, 3, 4, 6, 7}, 15)",9551105.083000,10336921.000000,11934743.330000,13602641.500000,14312994.180000,16026341.920000,17989475.120000,19980179.330000,21121950.500000,24464847.170000
"({1, 3, 4, 6, 7}, 14)",9551105.083000,10336921.000000,11934743.330000,13602641.500000,14312994.180000,16026341.920000,17989475.120000,19980179.330000,0,0
"({1, 3, 4, 6, 7}, 13)",9551105.083000,10336921.000000,11934743.330000,13602641.500000,14312994.180000,16026341.920000,17989475.120000,0,0,0
"({1, 3, 4, 6, 7}, 12)",9551105.083000,10336921.000000,11934743.330000,13602641.500000,14312994.180000,16026341.920000,17989475.120000,0,0,0
"({1, 3, 4, 6, 7}, 11)",9551105.083000,10336921.000000,11934743.330000,13602641.500000,14312994.180000,16026341.920000,0,0,0,0
"({1, 3, 4, 6, 7}, 10)",9551105.083000,10336921.000000,11934743.330000,13602641.500000,14312994.180000,16026341.920000,0,0,0,0
"({1, 3, 4, 6, 7}, 9)",9551105.083000,10336921.000000,11934743.330000,13602641.500000,0,0,0,0,0,0
"({1, 3, 4, 6, 7}, 8)",9551105.083000,10336921.000000,11934743.330000,13602641.500000,0,0,0,0,0,0
"({1, 3, 4, 6, 7}, 7)",9551105.083000,10336921.000000,11934743.330000,0,0,0,0,0,0,0
"({1, 3, 4, 6, 7}, 6)",9551105.083000,10336921.000000,0,0,0,0,0,0,0,0
"({1, 3, 4, 6, 7}, 5)",9551105.083000,10336921.000000,0,0,0,0,0,0,0,0
"({1, 3, 4, 5, 7}, 20)",,,,,,,,,,
"({1, 3, 4, 5, 7}, 19)",,,,,,,,,,
"({1, 3, 4, 5, 7}, 18)",,,,,,,,,,
"({1, 3, 4, 5, 7}, 17)",,,,,,,,,,
"({1, 3, 4, 5, 7}, 16)",,,,,,,,,,
"({1, 3, 4, 5, 7}, 15)",9206490.417000,10336921.000000,11670492.750000,13602641.500000,14022834.350000,15735903.750000,17989475.120000,19846978.080000,21119561.750000,24464847.170000
"({1, 3, 4, 5, 7}, 14)",9206490.417000,10336921.000000,11670492.750000,13602641.500000,14022834.350000,15735903.750000,17989475.120000,19846978.080000,0,0
"({1, 3, 4, 5, 7}, 13)",9206490.417000,10336921.000000,11670492.750000,13602641.500000,14022834.350000,15735903.750000,17989475.120000,0,0,0
"({1, 3, 4, 5, 7}, 12)",9206490.417000,10336921.000000,11670492.750000,13602641.500000,14022834.350000,15735903.750000,17989475.120000,0,0,0
"({1, 3, 4, 5, 7}, 11)",9206490.417000,10336921.000000,11670492.750000,13602641.500000,14022834.350000,15735903.750000,0,0,0,0
"({1, 3, 4, 5, 7}, 10)",9206490.417000,10336921.000000,11670492.750000,13602641.500000,14022834.350000,15735903.750000,0,0,0,0
"({1, 3, 4, 5, 7}, 9)",9206490.417000,10336921.000000,11670492.750000,13602641.500000,0,0,0,0,0,0
"({1, 3, 4, 5, 7}, 8)",9206490.417000,10336921.000000,11670492.750000,13602641.500000,0,0,0,0,0,0
"({1, 3, 4, 5, 7}, 7)",9206490.417000,10336921.000000,11670492.750000,0,0,0,0,0,0,0
"({1, 3, 4, 5, 7}, 6)",9206490.417000,10336921.000000,0,0,0,0,0,0,0,0
"({1, 3, 4, 5, 7}, 5)",9206490.417000,10336921.000000,0,0,0,0,0,0,0,0
"({1, 3, 4, 5, 6}, 20)",,,,,,,,,,
"({1, 3, 4, 5, 6}, 19)",,,,,,,,,,
"({1, 3, 4, 5, 6}, 18)",,,,,,,,,,
"({1, 3, 4, 5, 6}, 17)",,,,,,,,,,
"({1, 3, 4, 5, 6}, 16)",,,,,,,,,,
"({1, 3, 4, 5, 6}, 15)",9928593.850000,10329611.250000,11686652.250000,14839101.220000,13952435.350000,15766520.000000,18888399.440000,21715613.940000,22544301.150000,25977207.900000
"({1, 3, 4, 5, 6}, 14)",9928593.850000,10329611.250000,11686652.250000,14839101.220000,13952435.350000,15766520.000000,18888399.440000,21715613.940000,0,0
"({1, 3, 4, 5, 6}, 13)",9928593.850000,10329611.250000,11686652.250000,14839101.220000,13952435.350000,15766520.000000,18888399.440000,0,0,0
"({1, 3, 4, 5, 6}, 12)",9928593.850000,10329611.250000,11686652.250000,14839101.220000,13952435.350000,15766520.000000,18888399.440000,0,0,0
"({1, 3, 4, 5, 6}, 11)",9928593.850000,10329611.250000,11686652.250000,14839101.220000,13952435.350000,15766520.000000,0,0,0,0
"({1, 3, 4, 5, 6}, 10)",9928593.850000,10329611.250000,11686652.250000,14839101.220000,13952435.350000,15766520.000000,0,0,0,0
"({1, 3, 4, 5, 6}, 9)",9928593.850000,10329611.250000,11686652.250000,14839101.220000,0,0,0,0,0,0
"({1, 3, 4, 5, 6}, 8)",9928593.850000,10329611.250000,11686652.250000,14839101.220000,0,0,0,0,0,0
"({1, 3, 4, 5, 6}, 7)",9928593.850000,10329611.250000,11686652.250000,0,0,0,0,0,0,0
"({1, 3, 4, 5, 6}, 6)",9928593.850000,10329611.250000,0,0,0,0,0,0,0,0
"({1, 3, 4, 5, 6}, 5)",9928593.850000,10329611.250000,0,0,0,0,0,0,0,0
"({1, 2, 5, 6, 7}, 20)",,,,,,,,,,
"({1, 2, 5, 6, 7}, 19)",,,,,,,,,,
"({1, 2, 5, 6, 7}, 18)",,,,,,,,,,
"({1, 2, 5, 6, 7}, 17)",,,,,,,,,,
"({1, 2, 5, 6, 7}, 16)",,,,,,,,,,
"({1, 2, 5, 6, 7}, 15)",9090755.917000,10873615.670000,11578791.580000,13909849.330000,14130198.830000,16542829.330000,17909749.670000,19642719.250000,21631101.610000,24860603.250000
"({1, 2, 5, 6, 7}, 14)",9090755.917000,10873615.670000,11578791.580000,13909849.330000,14130198.830000,16542829.330000,17909749.670000,19642719.250000,0,0
"({1, 2, 5, 6, 7}, 13)",9090755.917000,10873615.670000,11578791.580000,13909849.330000,14130198.830000,16542829.330000,17909749.670000,0,0,0
"({1, 2, 5, 6, 7}, 12)",9090755.917000,10873615.670000,11578791.580000,13909849.330000,14130198.830000,16542829.330000,17909749.670000,0,0,0
"({1, 2, 5, 6, 7}, 11)",9090755.917000,10873615.670000,11578791.580000,13909849.330000,14130198.830000,16542829.330000,0,0,0,0
"({1, 2, 5, 6, 7}, 10)",9090755.917000,10873615.670000,11578791.580000,13909849.330000,14130198.830000,16542829.330000,0,0,0,0
"({1, 2, 5, 6, 7}, 9)",9090755.917000,10873615.670000,11578791.580000,13909849.330000,0,0,0,0,0,0
"({1, 2, 5, 6, 7}, 8)",9090755.917000,10873615.670000,11578791.580000,13909849.330000,0,0,0,0,0,0
"({1, 2, 5, 6, 7}, 7)",9090755.917000,10873615.670000,11578791.580000,0,0,0,0,0,0,0
"({1, 2, 5, 6, 7}, 6)",9090755.917000,10873615.670000,0,0,0,0,0,0,0,0
"({1, 2, 5, 6, 7}, 5)",9090755.917000,10873615.670000,0,0,0,0,0,0,0,0
"({1, 2, 4, 6, 7}, 20)",,,,,,,,,,
"({1, 2, 4, 6, 7}, 19)",,,,,,,,,,
"({1, 2, 4, 6, 7}, 18)",,,,,,,,,,
"({1, 2, 4, 6, 7}, 17)",,,,,,,,,,
"({1, 2, 4, 6, 7}, 16)",,,,,,,,,,
"({1, 2, 4, 6, 7}, 15)",9270416.750000,10707312.000000,11342140.830000,13909849.520000,14104115.080000,15825233.670000,17909749.660000,19505211.250000,21599801.420000,24110242.920000
"({1, 2, 4, 6, 7}, 14)",9270416.750000,10707312.000000,11342140.830000,13909849.520000,14104115.080000,15825233.670000,17909749.660000,19505211.250000,0,0
"({1, 2, 4, 6, 7}, 13)",9270416.750000,10707312.000000,11342140.830000,13909849.520000,14104115.080000,15825233.670000,17909749.660000,0,0,0
"({1, 2, 4, 6, 7}, 12)",9270416.750000,10707312.000000,11342140.830000,13909849.520000,14104115.080000,15825233.670000,17909749.660000,0,0,0
"({1, 2, 4, 6, 7}, 11)",9270416.750000,10707312.000000,11342140.830000,13909849.520000,14104115.080000,15825233.670000,0,0,0,0
"({1, 2, 4, 6, 7}, 10)",9270416.750000,10707312.000000,11342140.830000,13909849.520000,14104115.080000,15825233.670000,0,0,0,0
"({1, 2, 4, 6, 7}, 9)",9270416.750000,10707312.000000,11342140.830000,13909849.520000,0,0,0,0,0,0
"({1, 2, 4, 6, 7}, 8)",9270416.750000,10707312.000000,11342140.830000,13909849.520000,0,0,0,0,0,0
"({1, 2, 4, 6, 7}, 7)",9270416.750000,10707312.000000,11342140.830000,0,0,0,0,0,0,0
"({1, 2, 4, 6, 7}, 6)",9270416.750000,10707312.000000,0,0,0,0,0,0,0,0
"({1, 2, 4, 6, 7}, 5)",9270416.750000,10707312.000000,0,0,0,0,0,0,0,0
"({1, 2, 4, 5, 7}, 20)",,,,,,,,,,
"({1, 2, 4, 5, 7}, 19)",,,,,,,,,,
"({1, 2, 4, 5, 7}, 18)",,,,,,,,,,
"({1, 2, 4, 5, 7}, 17)",,,,,,,,,,
"({1, 2, 4, 5, 7}, 16)",,,,,,,,,,
"({1, 2, 4, 5, 7}, 15)",9270416.750000,10707312.000000,11342140.830000,13909849.330000,14104115.080000,15817384.920000,17909749.400000,19544113.750000,21599801.420000,24237301.670000
"({1, 2, 4, 5, 7}, 14)",9270416.750000,10707312.000000,11342140.830000,13909849.330000,14104115.080000,15817384.920000,17909749.400000,19544113.750000,0,0
"({1, 2, 4, 5, 7}, 13)",9270416.750000,10707312.000000,11342140.830000,13909849.330000,14104115.080000,15817384.920000,17909749.400000,0,0,0
"({1, 2, 4, 5, 7}, 12)",9270416.750000,10707312.000000,11342140.830000,13909849.330000,14104115.080000,15817384.920000,17909749.400000,0,0,0
"({1, 2, 4, 5, 7}, 11)",9270416.750000,10707312.000000,11342140.830000,13909849.330000,14104115.080000,15817384.920000,0,0,0,0
"({1, 2, 4, 5, 7}, 10)",9270416.750000,10707312.000000,11342140.830000,13909849.330000,14104115.080000,15817384.920000,0,0,0,0
"({1, 2, 4, 5, 7}, 9)",9270416.750000,10707312.000000,11342140.830000,13909849.330000,0,0,0,0,0,0
"({1, 2, 4, 5, 7}, 8)",9270416.750000,10707312.000000,11342140.830000,13909849.330000,0,0,0,0,0,0
"({1, 2, 4, 5, 7}, 7)",9270416.750000,10707312.000000,11342140.830000,0,0,0,0,0,0,0
"({1, 2, 4, 5, 7}, 6)",9270416.750000,10707312.000000,0,0,0,0,0,0,0,0
"({1, 2, 4, 5, 7}, 5)",9270416.750000,10707312.000000,0,0,0,0,0,0,0,0
"({1, 2, 4, 5, 6}, 20)",,,,,,,,,,
"({1, 2, 4, 5, 6}, 19)",,,,,,,,,,
"({1, 2, 4, 5, 6}, 18)",,,,,,,,,,
"({1, 2, 4, 5, 6}, 17)",,,,,,,,,,
"({1, 2, 4, 5, 6}, 16)",,,,,,,,,,
"({1, 2, 4, 5, 6}, 15)",9572670.900000,10700001.320000,11358300.330000,14099391.430000,14033716.080000,15795221.170000,18655428.750000,20319039.420000,21928298.580000,25384402.620000
"({1, 2, 4, 5, 6}, 14)",9572670.900000,10700001.320000,11358300.330000,14099391.430000,14033716.080000,15795221.170000,18655428.750000,20319039.420000,0,0
"({1, 2, 4, 5, 6}, 13)",9572670.900000,10700001.320000,11358300.330000,14099391.430000,14033716.080000,15795221.170000,18655428.750000,0,0,0
"({1, 2, 4, 5, 6}, 12)",9572670.900000,10700001.320000,11358300.330000,14099391.430000,14033716.080000,15795221.170000,18655428.750000,0,0,0
"({1, 2, 4, 5, 6}, 11)",9572670.900000,10700001.320000,11358300.330000,14099391.430000,14033716.080000,15795221.170000,0,0,0,0
"({1, 2, 4, 5, 6}, 10)",9572670.900000,10700001.320000,11358300.330000,14099391.430000,14033716.080000,15795221.170000,0,0,0,0
"({1, 2, 4, 5, 6}, 9)",9572670.900000,10700001.320000,11358300.330000,14099391.430000,0,0,0,0,0,0
"({1, 2, 4, 5, 6}, 8)",9572670.900000,10700001.320000,11358300.330000,14099391.430000,0,0,0,0,0,0
"({1, 2, 4, 5, 6}, 7)",9572670.900000,10700001.320000,11358300.330000,0,0,0,0,0,0,0
"({1, 2, 4, 5, 6}, 6)",9572670.900000,10700001.320000,0,0,0,0,0,0,0,0
"({1, 2, 4, 5, 6}, 5)",9572670.900000,10700001.320000,0,0,0,0,0,0,0,0
"({1, 2, 3, 6, 7}, 20)",,,,,,,,,,
"({1, 2, 3, 6, 7}, 19)",,,,,,,,,,
"({1, 2, 3, 6, 7}, 18)",,,,,,,,,,
"({1, 2, 3, 6, 7}, 17)",,,,,,,,,,
"({1, 2, 3, 6, 7}, 16)",,,,,,,,,,
"({1, 2, 3, 6, 7}, 15)",9111117.167000,10397912.580000,11360742.750000,13602641.500000,13947822.000000,15624647.500000,17206831.950000,19277008.920000,20877220.000000,23970655.330000
"({1, 2, 3, 6, 7}, 14)",9111117.167000,10397912.580000,11360742.750000,13602641.500000,13947822.000000,15624647.500000,17206831.950000,19277008.920000,0,0
"({1, 2, 3, 6, 7}, 13)",9111117.167000,10397912.580000,11360742.750000,13602641.500000,13947822.000000,15624647.500000,17206831.950000,0,0,0
"({1, 2, 3, 6, 7}, 12)",9111117.167000,10397912.580000,11360742.750000,13602641.500000,13947822.000000,15624647.500000,17206831.950000,0,0,0
"({1, 2, 3, 6, 7}, 11)",9111117.167000,10397912.580000,11360742.750000,13602641.500000,13947822.000000,15624647.500000,0,0,0,0
"({1, 2, 3, 6, 7}, 10)",9111117.167000,10397912.580000,11360742.750000,13602641.500000,13947822.000000,15624647.500000,0,0,0,0
"({1, 2, 3, 6, 7}, 9)",9111117.167000,10397912.580000,11360742.750000,13602641.500000,0,0,0,0,0,0
"({1, 2, 3, 6, 7}, 8)",9111117.167000,10397912.580000,11360742.750000,13602641.500000,0,0,0,0,0,0
"({1, 2, 3, 6, 7}, 7)",9111117.167000,10397912.580000,11360742.750000,0,0,0,0,0,0,0
"({1, 2, 3, 6, 7}, 6)",9111117.167000,10397912.580000,0,0,0,0,0,0,0,0
"({1, 2, 3, 6, 7}, 5)",9111117.167000,10397912.580000,0,0,0,0,0,0,0,0
"({1, 2, 3, 5, 7}, 20)",,,,,,,,,,
"({1, 2, 3, 5, 7}, 19)",,,,,,,,,,
"({1, 2, 3, 5, 7}, 18)",,,,,,,,,,
"({1, 2, 3, 5, 7}, 17)",,,,,,,,,,
"({1, 2, 3, 5, 7}, 16)",,,,,,,,,,
"({1, 2, 3, 5, 7}, 15)",9054810.917000,10397912.580000,11360742.750000,13602641.500000,13947822.000000,15679702.500000,17206831.950000,19219792.670000,20834336.250000,24022525.330000
"({1, 2, 3, 5, 7}, 14)",9054810.917000,10397912.580000,11360742.750000,13602641.500000,13947822.000000,15679702.500000,17206831.950000,19219792.670000,0,0
"({1, 2, 3, 5, 7}, 13)",9054810.917000,10397912.580000,11360742.750000,13602641.500000,13947822.000000,15679702.500000,17206831.950000,0,0,0
"({1, 2, 3, 5, 7}, 12)",9054810.917000,10397912.580000,11360742.750000,13602641.500000,13947822.000000,15679702.500000,17206831.950000,0,0,0
"({1, 2, 3, 5, 7}, 11)",9054810.917000,10397912.580000,11360742.750000,13602641.500000,13947822.000000,15679702.500000,0,0,0,0
"({1, 2, 3, 5, 7}, 10)",9054810.917000,10397912.580000,11360742.750000,13602641.500000,13947822.000000,15679702.500000,0,0,0,0
"({1, 2, 3, 5, 7}, 9)",9054810.917000,10397912.580000,11360742.750000,13602641.500000,0,0,0,0,0,0
"({1, 2, 3, 5, 7}, 8)",9054810.917000,10397912.580000,11360742.750000,13602641.500000,0,0,0,0,0,0
"({1, 2, 3, 5, 7}, 7)",9054810.917000,10397912.580000,11360742.750000,0,0,0,0,0,0,0
"({1, 2, 3, 5, 7}, 6)",9054810.917000,10397912.580000,0,0,0,0,0,0,0,0
"({1, 2, 3, 5, 7}, 5)",9054810.917000,10397912.580000,0,0,0,0,0,0,0,0
"({1, 2, 3, 5, 6}, 20)",,,,,,,,,,
"({1, 2, 3, 5, 6}, 19)",,,,,,,,,,
"({1, 2, 3, 5, 6}, 18)",,,,,,,,,,
"({1, 2, 3, 5, 6}, 17)",,,,,,,,,,
"({1, 2, 3, 5, 6}, 16)",,,,,,,,,,
"({1, 2, 3, 5, 6}, 15)",9314296.100000,10390602.830000,11376902.250000,13682157.420000,13877423.000000,15707588.750000,17689964.250000,19849858.000000,21162833.420000,24469567.730000
"({1, 2, 3, 5, 6}, 14)",9314296.100000,10390602.830000,11376902.250000,13682157.420000,13877423.000000,15707588.750000,17689964.250000,19849858.000000,0,0
"({1, 2, 3, 5, 6}, 13)",9314296.100000,10390602.830000,11376902.250000,13682157.420000,13877423.000000,15707588.750000,17689964.250000,0,0,0
"({1, 2, 3, 5, 6}, 12)",9314296.100000,10390602.830000,11376902.250000,13682157.420000,13877423.000000,15707588.750000,17689964.250000,0,0,0
"({1, 2, 3, 5, 6}, 11)",9314296.100000,10390602.830000,11376902.250000,13682157.420000,13877423.000000,15707588.750000,0,0,0,0
"({1, 2, 3, 5, 6}, 10)",9314296.100000,10390602.830000,11376902.250000,13682157.420000,13877423.000000,15707588.750000,0,0,0,0
"({1, 2, 3, 5, 6}, 9)",9314296.100000,10390602.830000,11376902.250000,13682157.420000,0,0,0,0,0,0
"({1, 2, 3, 5, 6}, 8)",9314296.100000,10390602.830000,11376902.250000,13682157.420000,0,0,0,0,0,0
"({1, 2, 3, 5, 6}, 7)",9314296.100000,10390602.830000,11376902.250000,0,0,0,0,0,0,0
"({1, 2, 3, 5, 6}, 6)",9314296.100000,10390602.830000,0,0,0,0,0,0,0,0
"({1, 2, 3, 5, 6}, 5)",9314296.100000,10390602.830000,0,0,0,0,0,0,0,0
"({1, 2, 3, 4, 7}, 20)",,,,,,,,,,
"({1, 2, 3, 4, 7}, 19)",,,,,,,,,,
"({1, 2, 3, 4, 7}, 18)",,,,,,,,,,
"({1, 2, 3, 4, 7}, 17)",,,,,,,,,,
"({1, 2, 3, 4, 7}, 16)",,,,,,,,,,
"({1, 2, 3, 4, 7}, 15)",9054810.917000,10397912.580000,11360742.750000,13602641.500000,13947822.000000,15676972.500000,17206831.950000,19241063.920000,20877220.000000,23994542.830000
"({1, 2, 3, 4, 7}, 14)",9054810.917000,10397912.580000,11360742.750000,13602641.500000,13947822.000000,15676972.500000,17206831.950000,19241063.920000,0,0
"({1, 2, 3, 4, 7}, 13)",9054810.917000,10397912.580000,11360742.750000,13602641.500000,13947822.000000,15676972.500000,17206831.950000,0,0,0
"({1, 2, 3, 4, 7}, 12)",9054810.917000,10397912.580000,11360742.750000,13602641.500000,13947822.000000,15676972.500000,17206831.950000,0,0,0
"({1, 2, 3, 4, 7}, 11)",9054810.917000,10397912.580000,11360742.750000,13602641.500000,13947822.000000,15676972.500000,0,0,0,0
"({1, 2, 3, 4, 7}, 10)",9054810.917000,10397912.580000,11360742.750000,13602641.500000,13947822.000000,15676972.500000,0,0,0,0
"({1, 2, 3, 4, 7}, 9)",9054810.917000,10397912.580000,11360742.750000,13602641.500000,0,0,0,0,0,0
"({1, 2, 3, 4, 7}, 8)",9054810.917000,10397912.580000,11360742.750000,13602641.500000,0,0,0,0,0,0
"({1, 2, 3, 4, 7}, 7)",9054810.917000,10397912.580000,11360742.750000,0,0,0,0,0,0,0
"({1, 2, 3, 4, 7}, 6)",9054810.917000,10397912.580000,0,0,0,0,0,0,0,0
"({1, 2, 3, 4, 7}, 5)",9054810.917000,10397912.580000,0,0,0,0,0,0,0,0
"({1, 2, 3, 4, 6}, 20)",,,,,,,,,,
"({1, 2, 3, 4, 6}, 19)",,,,,,,,,,
"({1, 2, 3, 4, 6}, 18)",,,,,,,,,,
"({1, 2, 3, 4, 6}, 17)",,,,,,,,,,
"({1, 2, 3, 4, 6}, 16)",,,,,,,,,,
"({1, 2, 3, 4, 6}, 15)",9314296.250000,10390602.830000,11376902.250000,13682157.420000,13877423.000000,15657538.750000,17689964.250000,19819259.250000,21205717.170000,24533495.230000
"({1, 2, 3, 4, 6}, 14)",9314296.250000,10390602.830000,11376902.250000,13682157.420000,13877423.000000,15657538.750000,17689964.250000,19819259.250000,0,0
"({1, 2, 3, 4, 6}, 13)",9314296.250000,10390602.830000,11376902.250000,13682157.420000,13877423.000000,15657538.750000,17689964.250000,0,0,0
"({1, 2, 3, 4, 6}, 12)",9314296.250000,10390602.830000,11376902.250000,13682157.420000,13877423.000000,15657538.750000,17689964.250000,0,0,0
"({1, 2, 3, 4, 6}, 11)",9314296.250000,10390602.830000,11376902.250000,13682157.420000,13877423.000000,15657538.750000,0,0,0,0
"({1, 2, 3, 4, 6}, 10)",9314296.250000,10390602.830000,11376902.250000,13682157.420000,13877423.000000,15657538.750000,0,0,0,0
"({1, 2, 3, 4, 6}, 9)",9314296.250000,10390602.830000,11376902.250000,13682157.420000,0,0,0,0,0,0
"({1, 2, 3, 4, 6}, 8)",9314296.250000,10390602.830000,11376902.250000,13682157.420000,0,0,0,0,0,0
"({1, 2, 3, 4, 6}, 7)",9314296.250000,10390602.830000,11376902.250000,0,0,0,0,0,0,0
"({1, 2, 3, 4, 6}, 6)",9314296.250000,10390602.830000,0,0,0,0,0,0,0,0
"({1, 2, 3, 4, 6}, 5)",9314296.250000,10390602.830000,0,0,0,0,0,0,0,0
"({1, 2, 3, 4, 5}, 20)",,,,,,,,,,
"({1, 2, 3, 4, 5}, 19)",,,,,,,,,,
"({1, 2, 3, 4, 5}, 18)",,,,,,,,,,
"({1, 2, 3, 4, 5}, 17)",,,,,,,,,,
"({1, 2, 3, 4, 5}, 16)",,,,,,,,,,
"({1, 2, 3, 4, 5}, 15)",9314296.250000,10390602.830000,11376902.250000,13682157.420000,13877423.000000,15695303.750000,17704296.750000,19853384.250000,21208105.920000,24601290.230000
"({1, 2, 3, 4, 5}, 14)",9314296.250000,10390602.830000,11376902.250000,13682157.420000,13877423.000000,15695303.750000,17704296.750000,19853384.250000,0,0
"({1, 2, 3, 4, 5}, 13)",9314296.250000,10390602.830000,11376902.250000,13682157.420000,13877423.000000,15695303.750000,17704296.750000,0,0,0
"({1, 2, 3, 4, 5}, 12)",9314296.250000,10390602.830000,11376902.250000,13682157.420000,13877423.000000,15695303.750000,17704296.750000,0,0,0
"({1, 2, 3, 4, 5}, 11)",9314296.250000,10390602.830000,11376902.250000,13682157.420000,13877423.000000,15695303.750000,0,0,0,0
"({1, 2, 3, 4, 5}, 10)",9314296.250000,10390602.830000,11376902.250000,13682157.420000,13877423.000000,15695303.750000,0,0,0,0
"({1, 2, 3, 4, 5}, 9)",9314296.250000,10390602.830000,11376902.250000,13682157.420000,0,0,0,0,0,0
"({1, 2, 3, 4, 5}, 8)",9314296.250000,10390602.830000,11376902.250000,13682157.420000,0,0,0,0,0,0
"({1, 2, 3, 4, 5}, 7)",9314296.250000,10390602.830000,11376902.250000,0,0,0,0,0,0,0
"({1, 2, 3, 4, 5}, 6)",9314296.250000,10390602.830000,0,0,0,0,0,0,0,0
"({1, 2, 3, 4, 5}, 5)",9314296.250000,10390602.830000,0,0,0,0,0,0,0,0
"({1, 5, 6, 7}, 20)",,,,,,,,,,
"({1, 5, 6, 7}, 19)",,,,,,,,,,
"({1, 5, 6, 7}, 18)",,,,,,,,,,
"({1, 5, 6, 7}, 17)",,,,,,,,,,
"({1, 5, 6, 7}, 16)",,,,,,,,,,
"({1, 5, 6, 7}, 15)",9285205.300000,10812622.610000,11888541.580000,13909849.330000,14205211.180000,16599030.580000,18692392.830000,20345889.670000,21873443.670000,25443975.080000
"({1, 5, 6, 7}, 14)",9285205.300000,10812622.610000,11888541.580000,13909849.330000,14205211.180000,16599030.580000,18692392.830000,20345889.670000,0,0
"({1, 5, 6, 7}, 13)",9285205.300000,10812622.610000,11888541.580000,13909849.330000,14205211.180000,16599030.580000,18692392.830000,0,0,0
"({1, 5, 6, 7}, 12)",9285205.300000,10812622.610000,11888541.580000,13909849.330000,14205211.180000,16599030.580000,18692392.830000,0,0,0
"({1, 5, 6, 7}, 11)",9285205.300000,10812622.610000,11888541.580000,13909849.330000,14205211.180000,16599030.580000,0,0,0,0
"({1, 5, 6, 7}, 10)",9285205.300000,10812622.610000,11888541.580000,13909849.330000,14205211.180000,16599030.580000,0,0,0,0
"({1, 5, 6, 7}, 9)",9285205.300000,10812622.610000,11888541.580000,13909849.330000,0,0,0,0,0,0
"({1, 5, 6, 7}, 8)",9285205.300000,10812622.610000,11888541.580000,13909849.330000,0,0,0,0,0,0
"({1, 5, 6, 7}, 7)",9285205.300000,10812622.610000,11888541.580000,0,0,0,0,0,0,0
"({1, 5, 6, 7}, 6)",9285205.300000,10812622.610000,0,0,0,0,0,0,0,0
"({1, 5, 6, 7}, 5)",9285205.300000,10812622.610000,0,0,0,0,0,0,0,0
"({1, 4, 6, 7}, 20)",,,,,,,,,,
"({1, 4, 6, 7}, 19)",,,,,,,,,,
"({1, 4, 6, 7}, 18)",,,,,,,,,,
"({1, 4, 6, 7}, 17)",,,,,,,,,,
"({1, 4, 6, 7}, 16)",,,,,,,,,,
"({1, 4, 6, 7}, 15)",9809481.217000,10646320.420000,11916141.420000,13909849.330000,14469287.580000,16164024.330000,18692392.830000,20217367.920000,21842143.170000,24731493.500000
"({1, 4, 6, 7}, 14)",9809481.217000,10646320.420000,11916141.420000,13909849.330000,14469287.580000,16164024.330000,18692392.830000,20217367.920000,0,0
"({1, 4, 6, 7}, 13)",9809481.217000,10646320.420000,11916141.420000,13909849.330000,14469287.580000,16164024.330000,18692392.830000,0,0,0
"({1, 4, 6, 7}, 12)",9809481.217000,10646320.420000,11916141.420000,13909849.330000,14469287.580000,16164024.330000,18692392.830000,0,0,0
"({1, 4, 6, 7}, 11)",9809481.217000,10646320.420000,11916141.420000,13909849.330000,14469287.580000,16164024.330000,0,0,0,0
"({1, 4, 6, 7}, 10)",9809481.217000,10646320.420000,11916141.420000,13909849.330000,14469287.580000,16164024.330000,0,0,0,0
"({1, 4, 6, 7}, 9)",9809481.217000,10646320.420000,11916141.420000,13909849.330000,0,0,0,0,0,0
"({1, 4, 6, 7}, 8)",9809481.217000,10646320.420000,11916141.420000,13909849.330000,0,0,0,0,0,0
"({1, 4, 6, 7}, 7)",9809481.217000,10646320.420000,11916141.420000,0,0,0,0,0,0,0
"({1, 4, 6, 7}, 6)",9809481.217000,10646320.420000,0,0,0,0,0,0,0,0
"({1, 4, 6, 7}, 5)",9809481.217000,10646320.420000,0,0,0,0,0,0,0,0
"({1, 4, 5, 7}, 20)",,,,,,,,,,
"({1, 4, 5, 7}, 19)",,,,,,,,,,
"({1, 4, 5, 7}, 18)",,,,,,,,,,
"({1, 4, 5, 7}, 17)",,,,,,,,,,
"({1, 4, 5, 7}, 16)",,,,,,,,,,
"({1, 4, 5, 7}, 15)",9464866.250000,10646320.420000,11651890.610000,13909849.330000,14179127.430000,15873586.170000,18692391.870000,20208381.670000,21842143.170000,24731493.500000
"({1, 4, 5, 7}, 14)",9464866.250000,10646320.420000,11651890.610000,13909849.330000,14179127.430000,15873586.170000,18692391.870000,20208381.670000,0,0
"({1, 4, 5, 7}, 13)",9464866.250000,10646320.420000,11651890.610000,13909849.330000,14179127.430000,15873586.170000,18692391.870000,0,0,0
"({1, 4, 5, 7}, 12)",9464866.250000,10646320.420000,11651890.610000,13909849.330000,14179127.430000,15873586.170000,18692391.870000,0,0,0
"({1, 4, 5, 7}, 11)",9464866.250000,10646320.420000,11651890.610000,13909849.330000,14179127.430000,15873586.170000,0,0,0,0
"({1, 4, 5, 7}, 10)",9464866.250000,10646320.420000,11651890.610000,13909849.330000,14179127.430000,15873586.170000,0,0,0,0
"({1, 4, 5, 7}, 9)",9464866.250000,10646320.420000,11651890.610000,13909849.330000,0,0,0,0,0,0
"({1, 4, 5, 7}, 8)",9464866.250000,10646320.420000,11651890.610000,13909849.330000,0,0,0,0,0,0
"({1, 4, 5, 7}, 7)",9464866.250000,10646320.420000,11651890.610000,0,0,0,0,0,0,0
"({1, 4, 5, 7}, 6)",9464866.250000,10646320.420000,0,0,0,0,0,0,0,0
"({1, 4, 5, 7}, 5)",9464866.250000,10646320.420000,0,0,0,0,0,0,0,0
"({1, 4, 5, 6}, 20)",,,,,,,,,,
"({1, 4, 5, 6}, 19)",,,,,,,,,,
"({1, 4, 5, 6}, 18)",,,,,,,,,,
"({1, 4, 5, 6}, 17)",,,,,,,,,,
"({1, 4, 5, 6}, 16)",,,,,,,,,,
"({1, 4, 5, 6}, 15)",10031909.180000,10639010.670000,11668050.330000,15623421.330000,14108728.430000,15904202.420000,20708620.680000,22780263.570000,23747317.420000,26887379.170000
"({1, 4, 5, 6}, 14)",10031909.180000,10639010.670000,11668050.330000,15623421.330000,14108728.430000,15904202.420000,20708620.680000,22780263.570000,0,0
"({1, 4, 5, 6}, 13)",10031909.180000,10639010.670000,11668050.330000,15623421.330000,14108728.430000,15904202.420000,20708620.680000,0,0,0
"({1, 4, 5, 6}, 12)",10031909.180000,10639010.670000,11668050.330000,15623421.330000,14108728.430000,15904202.420000,20708620.680000,0,0,0
"({1, 4, 5, 6}, 11)",10031909.180000,10639010.670000,11668050.330000,15623421.330000,14108728.430000,15904202.420000,0,0,0,0
"({1, 4, 5, 6}, 10)",10031909.180000,10639010.670000,11668050.330000,15623421.330000,14108728.430000,15904202.420000,0,0,0,0
"({1, 4, 5, 6}, 9)",10031909.180000,10639010.670000,11668050.330000,15623421.330000,0,0,0,0,0,0
"({1, 4, 5, 6}, 8)",10031909.180000,10639010.670000,11668050.330000,15623421.330000,0,0,0,0,0,0
"({1, 4, 5, 6}, 7)",10031909.180000,10639010.670000,11668050.330000,0,0,0,0,0,0,0
"({1, 4, 5, 6}, 6)",10031909.180000,10639010.670000,0,0,0,0,0,0,0,0
"({1, 4, 5, 6}, 5)",10031909.180000,10639010.670000,0,0,0,0,0,0,0,0
"({1, 3, 6, 7}, 20)",,,,,,,,,,
"({1, 3, 6, 7}, 19)",,,,,,,,,,
"({1, 3, 6, 7}, 18)",,,,,,,,,,
"({1, 3, 6, 7}, 17)",,,,,,,,,,
"({1, 3, 6, 7}, 16)",,,,,,,,,,
"({1, 3, 6, 7}, 15)",9593875.083000,10379691.000000,11934743.330000,13602641.500000,14312994.500000,16026341.920000,17989475.120000,19931947.260000,21159488.000000,24568587.170000
"({1, 3, 6, 7}, 14)",9593875.083000,10379691.000000,11934743.330000,13602641.500000,14312994.500000,16026341.920000,17989475.120000,19931947.260000,0,0
"({1, 3, 6, 7}, 13)",9593875.083000,10379691.000000,11934743.330000,13602641.500000,14312994.500000,16026341.920000,17989475.120000,0,0,0
"({1, 3, 6, 7}, 12)",9593875.083000,10379691.000000,11934743.330000,13602641.500000,14312994.500000,16026341.920000,17989475.120000,0,0,0
"({1, 3, 6, 7}, 11)",9593875.083000,10379691.000000,11934743.330000,13602641.500000,14312994.500000,16026341.920000,0,0,0,0
"({1, 3, 6, 7}, 10)",9593875.083000,10379691.000000,11934743.330000,13602641.500000,14312994.500000,16026341.920000,0,0,0,0
"({1, 3, 6, 7}, 9)",9593875.083000,10379691.000000,11934743.330000,13602641.500000,0,0,0,0,0,0
"({1, 3, 6, 7}, 8)",9593875.083000,10379691.000000,11934743.330000,13602641.500000,0,0,0,0,0,0
"({1, 3, 6, 7}, 7)",9593875.083000,10379691.000000,11934743.330000,0,0,0,0,0,0,0
"({1, 3, 6, 7}, 6)",9593875.083000,10379691.000000,0,0,0,0,0,0,0,0
"({1, 3, 6, 7}, 5)",9593875.083000,10379691.000000,0,0,0,0,0,0,0,0
"({1, 3, 5, 7}, 20)",,,,,,,,,,
"({1, 3, 5, 7}, 19)",,,,,,,,,,
"({1, 3, 5, 7}, 18)",,,,,,,,,,
"({1, 3, 5, 7}, 17)",,,,,,,,,,
"({1, 3, 5, 7}, 16)",,,,,,,,,,
"({1, 3, 5, 7}, 15)",9249260.417000,10336921.000000,11670492.750000,13602641.500000,14022834.350000,15735903.750000,17989475.120000,19922963.080000,21159488.000000,24528774.670000
"({1, 3, 5, 7}, 14)",9249260.417000,10336921.000000,11670492.750000,13602641.500000,14022834.350000,15735903.750000,17989475.120000,19922963.080000,0,0
"({1, 3, 5, 7}, 13)",9249260.417000,10336921.000000,11670492.750000,13602641.500000,14022834.350000,15735903.750000,17989475.120000,0,0,0
"({1, 3, 5, 7}, 12)",9249260.417000,10336921.000000,11670492.750000,13602641.500000,14022834.350000,15735903.750000,17989475.120000,0,0,0
"({1, 3, 5, 7}, 11)",9249260.417000,10336921.000000,11670492.750000,13602641.500000,14022834.350000,15735903.750000,0,0,0,0
"({1, 3, 5, 7}, 10)",9249260.417000,10336921.000000,11670492.750000,13602641.500000,14022834.350000,15735903.750000,0,0,0,0
"({1, 3, 5, 7}, 9)",9249260.417000,10336921.000000,11670492.750000,13602641.500000,0,0,0,0,0,0
"({1, 3, 5, 7}, 8)",9249260.417000,10336921.000000,11670492.750000,13602641.500000,0,0,0,0,0,0
"({1, 3, 5, 7}, 7)",9249260.417000,10336921.000000,11670492.750000,0,0,0,0,0,0,0
"({1, 3, 5, 7}, 6)",9249260.417000,10336921.000000,0,0,0,0,0,0,0,0
"({1, 3, 5, 7}, 5)",9249260.417000,10336921.000000,0,0,0,0,0,0,0,0
"({1, 3, 5, 6}, 20)",,,,,,,,,,
"({1, 3, 5, 6}, 19)",,,,,,,,,,
"({1, 3, 5, 6}, 18)",,,,,,,,,,
"({1, 3, 5, 6}, 17)",,,,,,,,,,
"({1, 3, 5, 6}, 16)",,,,,,,,,,
"({1, 3, 5, 6}, 15)",9872287.600000,10329611.250000,11686652.250000,14839100.500000,13952435.350000,15766520.000000,18888399.600000,21854275.450000,22544301.150000,26081175.400000
"({1, 3, 5, 6}, 14)",9872287.600000,10329611.250000,11686652.250000,14839100.500000,13952435.350000,15766520.000000,18888399.600000,21854275.450000,0,0
"({1, 3, 5, 6}, 13)",9872287.600000,10329611.250000,11686652.250000,14839100.500000,13952435.350000,15766520.000000,18888399.600000,0,0,0
"({1, 3, 5, 6}, 12)",9872287.600000,10329611.250000,11686652.250000,14839100.500000,13952435.350000,15766520.000000,18888399.600000,0,0,0
"({1, 3, 5, 6}, 11)",9872287.600000,10329611.250000,11686652.250000,14839100.500000,13952435.350000,15766520.000000,0,0,0,0
"({1, 3, 5, 6}, 10)",9872287.600000,10329611.250000,11686652.250000,14839100.500000,13952435.350000,15766520.000000,0,0,0,0
"({1, 3, 5, 6}, 9)",9872287.600000,10329611.250000,11686652.250000,14839100.500000,0,0,0,0,0,0
"({1, 3, 5, 6}, 8)",9872287.600000,10329611.250000,11686652.250000,14839100.500000,0,0,0,0,0,0
"({1, 3, 5, 6}, 7)",9872287.600000,10329611.250000,11686652.250000,0,0,0,0,0,0,0
"({1, 3, 5, 6}, 6)",9872287.600000,10329611.250000,0,0,0,0,0,0,0,0
"({1, 3, 5, 6}, 5)",9872287.600000,10329611.250000,0,0,0,0,0,0,0,0
"({1, 3, 4, 7}, 20)",,,,,,,,,,
"({1, 3, 4, 7}, 19)",,,,,,,,,,
"({1, 3, 4, 7}, 18)",,,,,,,,,,
"({1, 3, 4, 7}, 17)",,,,,,,,,,
"({1, 3, 4, 7}, 16)",,,,,,,,,,
"({1, 3, 4, 7}, 15)",9551105.083000,10336921.000000,11934743.330000,13602641.500000,14312994.500000,16026341.920000,17989475.120000,19922963.080000,21109779.250000,24516717.170000
"({1, 3, 4, 7}, 14)",9551105.083000,10336921.000000,11934743.330000,13602641.500000,14312994.500000,16026341.920000,17989475.120000,19922963.080000,0,0
"({1, 3, 4, 7}, 13)",9551105.083000,10336921.000000,11934743.330000,13602641.500000,14312994.500000,16026341.920000,17989475.120000,0,0,0
"({1, 3, 4, 7}, 12)",9551105.083000,10336921.000000,11934743.330000,13602641.500000,14312994.500000,16026341.920000,17989475.120000,0,0,0
"({1, 3, 4, 7}, 11)",9551105.083000,10336921.000000,11934743.330000,13602641.500000,14312994.500000,16026341.920000,0,0,0,0
"({1, 3, 4, 7}, 10)",9551105.083000,10336921.000000,11934743.330000,13602641.500000,14312994.500000,16026341.920000,0,0,0,0
"({1, 3, 4, 7}, 9)",9551105.083000,10336921.000000,11934743.330000,13602641.500000,0,0,0,0,0,0
"({1, 3, 4, 7}, 8)",9551105.083000,10336921.000000,11934743.330000,13602641.500000,0,0,0,0,0,0
"({1, 3, 4, 7}, 7)",9551105.083000,10336921.000000,11934743.330000,0,0,0,0,0,0,0
"({1, 3, 4, 7}, 6)",9551105.083000,10336921.000000,0,0,0,0,0,0,0,0
"({1, 3, 4, 7}, 5)",9551105.083000,10336921.000000,0,0,0,0,0,0,0,0
"({1, 3, 4, 6}, 20)",,,,,,,,,,
"({1, 3, 4, 6}, 19)",,,,,,,,,,
"({1, 3, 4, 6}, 18)",,,,,,,,,,
"({1, 3, 4, 6}, 17)",,,,,,,,,,
"({1, 3, 4, 6}, 16)",,,,,,,,,,
"({1, 3, 4, 6}, 15)",10739806.380000,10372381.250000,13026906.900000,14839100.500000,15923915.000000,16433200.000000,20648527.200000,23349883.130000,23493630.650000,27047363.000000
"({1, 3, 4, 6}, 14)",10739806.380000,10372381.250000,13026906.900000,14839100.500000,15923915.000000,16433200.000000,20648527.200000,23349883.130000,0,0
"({1, 3, 4, 6}, 13)",10739806.380000,10372381.250000,13026906.900000,14839100.500000,15923915.000000,16433200.000000,20648527.200000,0,0,0
"({1, 3, 4, 6}, 12)",10739806.380000,10372381.250000,13026906.900000,14839100.500000,15923915.000000,16433200.000000,20648527.200000,0,0,0
"({1, 3, 4, 6}, 11)",10739806.380000,10372381.250000,13026906.900000,14839100.500000,15923915.000000,16433200.000000,0,0,0,0
"({1, 3, 4, 6}, 10)",10739806.380000,10372381.250000,13026906.900000,14839100.500000,15923915.000000,16433200.000000,0,0,0,0
"({1, 3, 4, 6}, 9)",10739806.380000,10372381.250000,13026906.900000,14839100.500000,0,0,0,0,0,0
"({1, 3, 4, 6}, 8)",10739806.380000,10372381.250000,13026906.900000,14839100.500000,0,0,0,0,0,0
"({1, 3, 4, 6}, 7)",10739806.380000,10372381.250000,13026906.900000,0,0,0,0,0,0,0
"({1, 3, 4, 6}, 6)",10739806.380000,10372381.250000,0,0,0,0,0,0,0,0
"({1, 3, 4, 6}, 5)",10739806.380000,10372381.250000,0,0,0,0,0,0,0,0
"({1, 3, 4, 5}, 20)",,,,,,,,,,
"({1, 3, 4, 5}, 19)",,,,,,,,,,
"({1, 3, 4, 5}, 18)",,,,,,,,,,
"({1, 3, 4, 5}, 17)",,,,,,,,,,
"({1, 3, 4, 5}, 16)",,,,,,,,,,
"({1, 3, 4, 5}, 15)",9829517.600000,10329611.250000,11686652.250000,14839100.500000,13952435.350000,15766520.000000,18888399.600000,21854275.450000,22577402.400000,25977207.900000
"({1, 3, 4, 5}, 14)",9829517.600000,10329611.250000,11686652.250000,14839100.500000,13952435.350000,15766520.000000,18888399.600000,21854275.450000,0,0
"({1, 3, 4, 5}, 13)",9829517.600000,10329611.250000,11686652.250000,14839100.500000,13952435.350000,15766520.000000,18888399.600000,0,0,0
"({1, 3, 4, 5}, 12)",9829517.600000,10329611.250000,11686652.250000,14839100.500000,13952435.350000,15766520.000000,18888399.600000,0,0,0
"({1, 3, 4, 5}, 11)",9829517.600000,10329611.250000,11686652.250000,14839100.500000,13952435.350000,15766520.000000,0,0,0,0
"({1, 3, 4, 5}, 10)",9829517.600000,10329611.250000,11686652.250000,14839100.500000,13952435.350000,15766520.000000,0,0,0,0
"({1, 3, 4, 5}, 9)",9829517.600000,10329611.250000,11686652.250000,14839100.500000,0,0,0,0,0,0
"({1, 3, 4, 5}, 8)",9829517.600000,10329611.250000,11686652.250000,14839100.500000,0,0,0,0,0,0
"({1, 3, 4, 5}, 7)",9829517.600000,10329611.250000,11686652.250000,0,0,0,0,0,0,0
"({1, 3, 4, 5}, 6)",9829517.600000,10329611.250000,0,0,0,0,0,0,0,0
"({1, 3, 4, 5}, 5)",9829517.600000,10329611.250000,0,0,0,0,0,0,0,0
"({1, 2, 6, 7}, 20)",,,,,,,,,,
"({1, 2, 6, 7}, 19)",,,,,,,,,,
"({1, 2, 6, 7}, 18)",,,,,,,,,,
"({1, 2, 6, 7}, 17)",,,,,,,,,,
"({1, 2, 6, 7}, 16)",,,,,,,,,,
"({1, 2, 6, 7}, 15)",9090755.917000,10873615.440000,11578791.580000,13909849.330000,14130198.830000,16542829.330000,17928973.420000,19654321.750000,21631101.920000,24952854.500000
"({1, 2, 6, 7}, 14)",9090755.917000,10873615.440000,11578791.580000,13909849.330000,14130198.830000,16542829.330000,17928973.420000,19654321.750000,0,0
"({1, 2, 6, 7}, 13)",9090755.917000,10873615.440000,11578791.580000,13909849.330000,14130198.830000,16542829.330000,17928973.420000,0,0,0
"({1, 2, 6, 7}, 12)",9090755.917000,10873615.440000,11578791.580000,13909849.330000,14130198.830000,16542829.330000,17928973.420000,0,0,0
"({1, 2, 6, 7}, 11)",9090755.917000,10873615.440000,11578791.580000,13909849.330000,14130198.830000,16542829.330000,0,0,0,0
"({1, 2, 6, 7}, 10)",9090755.917000,10873615.440000,11578791.580000,13909849.330000,14130198.830000,16542829.330000,0,0,0,0
"({1, 2, 6, 7}, 9)",9090755.917000,10873615.440000,11578791.580000,13909849.330000,0,0,0,0,0,0
"({1, 2, 6, 7}, 8)",9090755.917000,10873615.440000,11578791.580000,13909849.330000,0,0,0,0,0,0
"({1, 2, 6, 7}, 7)",9090755.917000,10873615.440000,11578791.580000,0,0,0,0,0,0,0
"({1, 2, 6, 7}, 6)",9090755.917000,10873615.440000,0,0,0,0,0,0,0,0
"({1, 2, 6, 7}, 5)",9090755.917000,10873615.440000,0,0,0,0,0,0,0,0
"({1, 2, 5, 7}, 20)",,,,,,,,,,
"({1, 2, 5, 7}, 19)",,,,,,,,,,
"({1, 2, 5, 7}, 18)",,,,,,,,,,
"({1, 2, 5, 7}, 17)",,,,,,,,,,
"({1, 2, 5, 7}, 16)",,,,,,,,,,
"({1, 2, 5, 7}, 15)",9090755.917000,10873615.670000,11578791.580000,13909849.330000,14130198.830000,16540099.330000,17909749.670000,19654321.750000,21631101.920000,24949783.250000
"({1, 2, 5, 7}, 14)",9090755.917000,10873615.670000,11578791.580000,13909849.330000,14130198.830000,16540099.330000,17909749.670000,19654321.750000,0,0
"({1, 2, 5, 7}, 13)",9090755.917000,10873615.670000,11578791.580000,13909849.330000,14130198.830000,16540099.330000,17909749.670000,0,0,0
"({1, 2, 5, 7}, 12)",9090755.917000,10873615.670000,11578791.580000,13909849.330000,14130198.830000,16540099.330000,17909749.670000,0,0,0
"({1, 2, 5, 7}, 11)",9090755.917000,10873615.670000,11578791.580000,13909849.330000,14130198.830000,16540099.330000,0,0,0,0
"({1, 2, 5, 7}, 10)",9090755.917000,10873615.670000,11578791.580000,13909849.330000,14130198.830000,16540099.330000,0,0,0,0
"({1, 2, 5, 7}, 9)",9090755.917000,10873615.670000,11578791.580000,13909849.330000,0,0,0,0,0,0
"({1, 2, 5, 7}, 8)",9090755.917000,10873615.670000,11578791.580000,13909849.330000,0,0,0,0,0,0
"({1, 2, 5, 7}, 7)",9090755.917000,10873615.670000,11578791.580000,0,0,0,0,0,0,0
"({1, 2, 5, 7}, 6)",9090755.917000,10873615.670000,0,0,0,0,0,0,0,0
"({1, 2, 5, 7}, 5)",9090755.917000,10873615.670000,0,0,0,0,0,0,0,0
"({1, 2, 5, 6}, 20)",,,,,,,,,,
"({1, 2, 5, 6}, 19)",,,,,,,,,,
"({1, 2, 5, 6}, 18)",,,,,,,,,,
"({1, 2, 5, 6}, 17)",,,,,,,,,,
"({1, 2, 5, 6}, 16)",,,,,,,,,,
"({1, 2, 5, 6}, 15)",9393011.250000,10628279.080000,12819089.500000,14963936.170000,14004131.750000,17508350.420000,19602469.250000,21120631.580000,23083108.350000,27088719.000000
"({1, 2, 5, 6}, 14)",9393011.250000,10628279.080000,12819089.500000,14963936.170000,14004131.750000,17508350.420000,19602469.250000,21120631.580000,0,0
"({1, 2, 5, 6}, 13)",9393011.250000,10628279.080000,12819089.500000,14963936.170000,14004131.750000,17508350.420000,19602469.250000,0,0,0
"({1, 2, 5, 6}, 12)",9393011.250000,10628279.080000,12819089.500000,14963936.170000,14004131.750000,17508350.420000,19602469.250000,0,0,0
"({1, 2, 5, 6}, 11)",9393011.250000,10628279.080000,12819089.500000,14963936.170000,14004131.750000,17508350.420000,0,0,0,0
"({1, 2, 5, 6}, 10)",9393011.250000,10628279.080000,12819089.500000,14963936.170000,14004131.750000,17508350.420000,0,0,0,0
"({1, 2, 5, 6}, 9)",9393011.250000,10628279.080000,12819089.500000,14963936.170000,0,0,0,0,0,0
"({1, 2, 5, 6}, 8)",9393011.250000,10628279.080000,12819089.500000,14963936.170000,0,0,0,0,0,0
"({1, 2, 5, 6}, 7)",9393011.250000,10628279.080000,12819089.500000,0,0,0,0,0,0,0
"({1, 2, 5, 6}, 6)",9393011.250000,10628279.080000,0,0,0,0,0,0,0,0
"({1, 2, 5, 6}, 5)",9393011.250000,10628279.080000,0,0,0,0,0,0,0,0
"({1, 2, 4, 7}, 20)",,,,,,,,,,
"({1, 2, 4, 7}, 19)",,,,,,,,,,
"({1, 2, 4, 7}, 18)",,,,,,,,,,
"({1, 2, 4, 7}, 17)",,,,,,,,,,
"({1, 2, 4, 7}, 16)",,,,,,,,,,
"({1, 2, 4, 7}, 15)",9270416.750000,10707312.000000,11342140.830000,13909849.330000,14104115.080000,15817384.920000,17909749.670000,19505210.090000,21599801.220000,24110242.920000
"({1, 2, 4, 7}, 14)",9270416.750000,10707312.000000,11342140.830000,13909849.330000,14104115.080000,15817384.920000,17909749.670000,19505210.090000,0,0
"({1, 2, 4, 7}, 13)",9270416.750000,10707312.000000,11342140.830000,13909849.330000,14104115.080000,15817384.920000,17909749.670000,0,0,0
"({1, 2, 4, 7}, 12)",9270416.750000,10707312.000000,11342140.830000,13909849.330000,14104115.080000,15817384.920000,17909749.670000,0,0,0
"({1, 2, 4, 7}, 11)",9270416.750000,10707312.000000,11342140.830000,13909849.330000,14104115.080000,15817384.920000,0,0,0,0
"({1, 2, 4, 7}, 10)",9270416.750000,10707312.000000,11342140.830000,13909849.330000,14104115.080000,15817384.920000,0,0,0,0
"({1, 2, 4, 7}, 9)",9270416.750000,10707312.000000,11342140.830000,13909849.330000,0,0,0,0,0,0
"({1, 2, 4, 7}, 8)",9270416.750000,10707312.000000,11342140.830000,13909849.330000,0,0,0,0,0,0
"({1, 2, 4, 7}, 7)",9270416.750000,10707312.000000,11342140.830000,0,0,0,0,0,0,0
"({1, 2, 4, 7}, 6)",9270416.750000,10707312.000000,0,0,0,0,0,0,0,0
"({1, 2, 4, 7}, 5)",9270416.750000,10707312.000000,0,0,0,0,0,0,0,0
"({1, 2, 4, 6}, 20)",,,,,,,,,,
"({1, 2, 4, 6}, 19)",,,,,,,,,,
"({1, 2, 4, 6}, 18)",,,,,,,,,,
"({1, 2, 4, 6}, 17)",,,,,,,,,,
"({1, 2, 4, 6}, 16)",,,,,,,,,,
"({1, 2, 4, 6}, 15)",9572672.083000,10700002.250000,11358300.330000,14099391.250000,14033716.080000,15795221.170000,18655428.750000,20289120.810000,21928298.580000,25384402.750000
"({1, 2, 4, 6}, 14)",9572672.083000,10700002.250000,11358300.330000,14099391.250000,14033716.080000,15795221.170000,18655428.750000,20289120.810000,0,0
"({1, 2, 4, 6}, 13)",9572672.083000,10700002.250000,11358300.330000,14099391.250000,14033716.080000,15795221.170000,18655428.750000,0,0,0
"({1, 2, 4, 6}, 12)",9572672.083000,10700002.250000,11358300.330000,14099391.250000,14033716.080000,15795221.170000,18655428.750000,0,0,0
"({1, 2, 4, 6}, 11)",9572672.083000,10700002.250000,11358300.330000,14099391.250000,14033716.080000,15795221.170000,0,0,0,0
"({1, 2, 4, 6}, 10)",9572672.083000,10700002.250000,11358300.330000,14099391.250000,14033716.080000,15795221.170000,0,0,0,0
"({1, 2, 4, 6}, 9)",9572672.083000,10700002.250000,11358300.330000,14099391.250000,0,0,0,0,0,0
"({1, 2, 4, 6}, 8)",9572672.083000,10700002.250000,11358300.330000,14099391.250000,0,0,0,0,0,0
"({1, 2, 4, 6}, 7)",9572672.083000,10700002.250000,11358300.330000,0,0,0,0,0,0,0
"({1, 2, 4, 6}, 6)",9572672.083000,10700002.250000,0,0,0,0,0,0,0,0
"({1, 2, 4, 6}, 5)",9572672.083000,10700002.250000,0,0,0,0,0,0,0,0
"({1, 2, 4, 5}, 20)",,,,,,,,,,
"({1, 2, 4, 5}, 19)",,,,,,,,,,
"({1, 2, 4, 5}, 18)",,,,,,,,,,
"({1, 2, 4, 5}, 17)",,,,,,,,,,
"({1, 2, 4, 5}, 16)",,,,,,,,,,
"({1, 2, 4, 5}, 15)",9572672.083000,10700002.250000,11358300.330000,14099391.250000,14033716.080000,15795221.170000,18664756.770000,20309711.920000,21928298.580000,25431609.000000
"({1, 2, 4, 5}, 14)",9572672.083000,10700002.250000,11358300.330000,14099391.250000,14033716.080000,15795221.170000,18664756.770000,20309711.920000,0,0
"({1, 2, 4, 5}, 13)",9572672.083000,10700002.250000,11358300.330000,14099391.250000,14033716.080000,15795221.170000,18664756.770000,0,0,0
"({1, 2, 4, 5}, 12)",9572672.083000,10700002.250000,11358300.330000,14099391.250000,14033716.080000,15795221.170000,18664756.770000,0,0,0
"({1, 2, 4, 5}, 11)",9572672.083000,10700002.250000,11358300.330000,14099391.250000,14033716.080000,15795221.170000,0,0,0,0
"({1, 2, 4, 5}, 10)",9572672.083000,10700002.250000,11358300.330000,14099391.250000,14033716.080000,15795221.170000,0,0,0,0
"({1, 2, 4, 5}, 9)",9572672.083000,10700002.250000,11358300.330000,14099391.250000,0,0,0,0,0,0
"({1, 2, 4, 5}, 8)",9572672.083000,10700002.250000,11358300.330000,14099391.250000,0,0,0,0,0,0
"({1, 2, 4, 5}, 7)",9572672.083000,10700002.250000,11358300.330000,0,0,0,0,0,0,0
"({1, 2, 4, 5}, 6)",9572672.083000,10700002.250000,0,0,0,0,0,0,0,0
"({1, 2, 4, 5}, 5)",9572672.083000,10700002.250000,0,0,0,0,0,0,0,0
"({1, 2, 3, 7}, 20)",,,,,,,,,,
"({1, 2, 3, 7}, 19)",,,,,,,,,,
"({1, 2, 3, 7}, 18)",,,,,,,,,,
"({1, 2, 3, 7}, 17)",,,,,,,,,,
"({1, 2, 3, 7}, 16)",,,,,,,,,,
"({1, 2, 3, 7}, 15)",9054810.917000,10397912.580000,11360742.750000,13602641.500000,13947822.000000,15687551.250000,17221164.450000,19249708.920000,20877220.000000,23985215.330000
"({1, 2, 3, 7}, 14)",9054810.917000,10397912.580000,11360742.750000,13602641.500000,13947822.000000,15687551.250000,17221164.450000,19249708.920000,0,0
"({1, 2, 3, 7}, 13)",9054810.917000,10397912.580000,11360742.750000,13602641.500000,13947822.000000,15687551.250000,17221164.450000,0,0,0
"({1, 2, 3, 7}, 12)",9054810.917000,10397912.580000,11360742.750000,13602641.500000,13947822.000000,15687551.250000,17221164.450000,0,0,0
"({1, 2, 3, 7}, 11)",9054810.917000,10397912.580000,11360742.750000,13602641.500000,13947822.000000,15687551.250000,0,0,0,0
"({1, 2, 3, 7}, 10)",9054810.917000,10397912.580000,11360742.750000,13602641.500000,13947822.000000,15687551.250000,0,0,0,0
"({1, 2, 3, 7}, 9)",9054810.917000,10397912.580000,11360742.750000,13602641.500000,0,0,0,0,0,0
"({1, 2, 3, 7}, 8)",9054810.917000,10397912.580000,11360742.750000,13602641.500000,0,0,0,0,0,0
"({1, 2, 3, 7}, 7)",9054810.917000,10397912.580000,11360742.750000,0,0,0,0,0,0,0
"({1, 2, 3, 7}, 6)",9054810.917000,10397912.580000,0,0,0,0,0,0,0,0
"({1, 2, 3, 7}, 5)",9054810.917000,10397912.580000,0,0,0,0,0,0,0,0
"({1, 2, 3, 6}, 20)",,,,,,,,,,
"({1, 2, 3, 6}, 19)",,,,,,,,,,
"({1, 2, 3, 6}, 18)",,,,,,,,,,
"({1, 2, 3, 6}, 17)",,,,,,,,,,
"({1, 2, 3, 6}, 16)",,,,,,,,,,
"({1, 2, 3, 6}, 15)",9314296.250000,10433372.830000,11376902.250000,13682157.420000,13877423.000000,15710318.750000,17689964.250000,19819259.250000,21205717.170000,24538500.230000
"({1, 2, 3, 6}, 14)",9314296.250000,10433372.830000,11376902.250000,13682157.420000,13877423.000000,15710318.750000,17689964.250000,19819259.250000,0,0
"({1, 2, 3, 6}, 13)",9314296.250000,10433372.830000,11376902.250000,13682157.420000,13877423.000000,15710318.750000,17689964.250000,0,0,0
"({1, 2, 3, 6}, 12)",9314296.250000,10433372.830000,11376902.250000,13682157.420000,13877423.000000,15710318.750000,17689964.250000,0,0,0
"({1, 2, 3, 6}, 11)",9314296.250000,10433372.830000,11376902.250000,13682157.420000,13877423.000000,15710318.750000,0,0,0,0
"({1, 2, 3, 6}, 10)",9314296.250000,10433372.830000,11376902.250000,13682157.420000,13877423.000000,15710318.750000,0,0,0,0
"({1, 2, 3, 6}, 9)",9314296.250000,10433372.830000,11376902.250000,13682157.420000,0,0,0,0,0,0
"({1, 2, 3, 6}, 8)",9314296.250000,10433372.830000,11376902.250000,13682157.420000,0,0,0,0,0,0
"({1, 2, 3, 6}, 7)",9314296.250000,10433372.830000,11376902.250000,0,0,0,0,0,0,0
"({1, 2, 3, 6}, 6)",9314296.250000,10433372.830000,0,0,0,0,0,0,0,0
"({1, 2, 3, 6}, 5)",9314296.250000,10433372.830000,0,0,0,0,0,0,0,0
"({1, 2, 3, 5}, 20)",,,,,,,,,,
"({1, 2, 3, 5}, 19)",,,,,,,,,,
"({1, 2, 3, 5}, 18)",,,,,,,,,,
"({1, 2, 3, 5}, 17)",,,,,,,,,,
"({1, 2, 3, 5}, 16)",,,,,,,,,,
"({1, 2, 3, 5}, 15)",9357066.250000,10390602.830000,11376902.250000,13682157.420000,13877423.000000,15707588.750000,17689964.250000,19828586.750000,21162833.420000,24521437.730000
"({1, 2, 3, 5}, 14)",9357066.250000,10390602.830000,11376902.250000,13682157.420000,13877423.000000,15707588.750000,17689964.250000,19828586.750000,0,0
"({1, 2, 3, 5}, 13)",9357066.250000,10390602.830000,11376902.250000,13682157.420000,13877423.000000,15707588.750000,17689964.250000,0,0,0
"({1, 2, 3, 5}, 12)",9357066.250000,10390602.830000,11376902.250000,13682157.420000,13877423.000000,15707588.750000,17689964.250000,0,0,0
"({1, 2, 3, 5}, 11)",9357066.250000,10390602.830000,11376902.250000,13682157.420000,13877423.000000,15707588.750000,0,0,0,0
"({1, 2, 3, 5}, 10)",9357066.250000,10390602.830000,11376902.250000,13682157.420000,13877423.000000,15707588.750000,0,0,0,0
"({1, 2, 3, 5}, 9)",9357066.250000,10390602.830000,11376902.250000,13682157.420000,0,0,0,0,0,0
"({1, 2, 3, 5}, 8)",9357066.250000,10390602.830000,11376902.250000,13682157.420000,0,0,0,0,0,0
"({1, 2, 3, 5}, 7)",9357066.250000,10390602.830000,11376902.250000,0,0,0,0,0,0,0
"({1, 2, 3, 5}, 6)",9357066.250000,10390602.830000,0,0,0,0,0,0,0,0
"({1, 2, 3, 5}, 5)",9357066.250000,10390602.830000,0,0,0,0,0,0,0,0
"({1, 2, 3, 4}, 20)",,,,,,,,,,
"({1, 2, 3, 4}, 19)",,,,,,,,,,
"({1, 2, 3, 4}, 18)",,,,,,,,,,
"({1, 2, 3, 4}, 17)",,,,,,,,,,
"({1, 2, 3, 4}, 16)",,,,,,,,,,
"({1, 2, 3, 4}, 15)",9357066.250000,10390602.830000,11376902.250000,13682157.420000,13877423.000000,15707588.750000,17689964.250000,19828586.750000,21245643.420000,24625405.230000
"({1, 2, 3, 4}, 14)",9357066.250000,10390602.830000,11376902.250000,13682157.420000,13877423.000000,15707588.750000,17689964.250000,19828586.750000,0,0
"({1, 2, 3, 4}, 13)",9357066.250000,10390602.830000,11376902.250000,13682157.420000,13877423.000000,15707588.750000,17689964.250000,0,0,0
"({1, 2, 3, 4}, 12)",9357066.250000,10390602.830000,11376902.250000,13682157.420000,13877423.000000,15707588.750000,17689964.250000,0,0,0
"({1, 2, 3, 4}, 11)",9357066.250000,10390602.830000,11376902.250000,13682157.420000,13877423.000000,15707588.750000,0,0,0,0
"({1, 2, 3, 4}, 10)",9357066.250000,10390602.830000,11376902.250000,13682157.420000,13877423.000000,15707588.750000,0,0,0,0
"({1, 2, 3, 4}, 9)",9357066.250000,10390602.830000,11376902.250000,13682157.420000,0,0,0,0,0,0
"({1, 2, 3, 4}, 8)",9357066.250000,10390602.830000,11376902.250000,13682157.420000,0,0,0,0,0,0
"({1, 2, 3, 4}, 7)",9357066.250000,10390602.830000,11376902.250000,0,0,0,0,0,0,0
"({1, 2, 3, 4}, 6)",9357066.250000,10390602.830000,0,0,0,0,0,0,0,0
"({1, 2, 3, 4}, 5)",9357066.250000,10390602.830000,0,0,0,0,0,0,0,0
"({1, 6, 7}, 20)",,,,,,,,,,
"({1, 6, 7}, 19)",,,,,,,,,,
"({1, 6, 7}, 18)",,,,,,,,,,
"({1, 6, 7}, 17)",,,,,,,,,,
"({1, 6, 7}, 16)",,,,,,,,,,
"({1, 6, 7}, 15)",9629820.083000,10812624.080000,12152792.170000,13909849.330000,14495371.330000,16889468.750000,18692392.830000,20336903.420000,21873443.670000,25443975.080000
"({1, 6, 7}, 14)",9629820.083000,10812624.080000,12152792.170000,13909849.330000,14495371.330000,16889468.750000,18692392.830000,20336903.420000,0,0
"({1, 6, 7}, 13)",9629820.083000,10812624.080000,12152792.170000,13909849.330000,14495371.330000,16889468.750000,18692392.830000,0,0,0
"({1, 6, 7}, 12)",9629820.083000,10812624.080000,12152792.170000,13909849.330000,14495371.330000,16889468.750000,18692392.830000,0,0,0
"({1, 6, 7}, 11)",9629820.083000,10812624.080000,12152792.170000,13909849.330000,14495371.330000,16889468.750000,0,0,0,0
"({1, 6, 7}, 10)",9629820.083000,10812624.080000,12152792.170000,13909849.330000,14495371.330000,16889468.750000,0,0,0,0
"({1, 6, 7}, 9)",9629820.083000,10812624.080000,12152792.170000,13909849.330000,0,0,0,0,0,0
"({1, 6, 7}, 8)",9629820.083000,10812624.080000,12152792.170000,13909849.330000,0,0,0,0,0,0
"({1, 6, 7}, 7)",9629820.083000,10812624.080000,12152792.170000,0,0,0,0,0,0,0
"({1, 6, 7}, 6)",9629820.083000,10812624.080000,0,0,0,0,0,0,0,0
"({1, 6, 7}, 5)",9629820.083000,10812624.080000,0,0,0,0,0,0,0,0
"({1, 5, 7}, 20)",,,,,,,,,,
"({1, 5, 7}, 19)",,,,,,,,,,
"({1, 5, 7}, 18)",,,,,,,,,,
"({1, 5, 7}, 17)",,,,,,,,,,
"({1, 5, 7}, 16)",,,,,,,,,,
"({1, 5, 7}, 15)",9285205.400000,10812624.080000,11888541.580000,13909849.330000,14205211.180000,16599030.580000,18692392.830000,20336903.420000,21873443.670000,25443975.080000
"({1, 5, 7}, 14)",9285205.400000,10812624.080000,11888541.580000,13909849.330000,14205211.180000,16599030.580000,18692392.830000,20336903.420000,0,0
"({1, 5, 7}, 13)",9285205.400000,10812624.080000,11888541.580000,13909849.330000,14205211.180000,16599030.580000,18692392.830000,0,0,0
"({1, 5, 7}, 12)",9285205.400000,10812624.080000,11888541.580000,13909849.330000,14205211.180000,16599030.580000,18692392.830000,0,0,0
"({1, 5, 7}, 11)",9285205.400000,10812624.080000,11888541.580000,13909849.330000,14205211.180000,16599030.580000,0,0,0,0
"({1, 5, 7}, 10)",9285205.400000,10812624.080000,11888541.580000,13909849.330000,14205211.180000,16599030.580000,0,0,0,0
"({1, 5, 7}, 9)",9285205.400000,10812624.080000,11888541.580000,13909849.330000,0,0,0,0,0,0
"({1, 5, 7}, 8)",9285205.400000,10812624.080000,11888541.580000,13909849.330000,0,0,0,0,0,0
"({1, 5, 7}, 7)",9285205.400000,10812624.080000,11888541.580000,0,0,0,0,0,0,0
"({1, 5, 7}, 6)",9285205.400000,10812624.080000,0,0,0,0,0,0,0,0
"({1, 5, 7}, 5)",9285205.400000,10812624.080000,0,0,0,0,0,0,0,0
"({1, 5, 6}, 20)",,,,,,,,,,
"({1, 5, 6}, 19)",,,,,,,,,,
"({1, 5, 6}, 18)",,,,,,,,,,
"({1, 5, 6}, 17)",,,,,,,,,,
"({1, 5, 6}, 16)",,,,,,,,,,
"({1, 5, 6}, 15)",9852248.350000,10567287.500000,13128839.500000,16487966.250000,14079144.100000,17062605.000000,21750697.500000,23449387.150000,24902127.250000,29112326.950000
"({1, 5, 6}, 14)",9852248.350000,10567287.500000,13128839.500000,16487966.250000,14079144.100000,17062605.000000,21750697.500000,23449387.150000,0,0
"({1, 5, 6}, 13)",9852248.350000,10567287.500000,13128839.500000,16487966.250000,14079144.100000,17062605.000000,21750697.500000,0,0,0
"({1, 5, 6}, 12)",9852248.350000,10567287.500000,13128839.500000,16487966.250000,14079144.100000,17062605.000000,21750697.500000,0,0,0
"({1, 5, 6}, 11)",9852248.350000,10567287.500000,13128839.500000,16487966.250000,14079144.100000,17062605.000000,0,0,0,0
"({1, 5, 6}, 10)",9852248.350000,10567287.500000,13128839.500000,16487966.250000,14079144.100000,17062605.000000,0,0,0,0
"({1, 5, 6}, 9)",9852248.350000,10567287.500000,13128839.500000,16487966.250000,0,0,0,0,0,0
"({1, 5, 6}, 8)",9852248.350000,10567287.500000,13128839.500000,16487966.250000,0,0,0,0,0,0
"({1, 5, 6}, 7)",9852248.350000,10567287.500000,13128839.500000,0,0,0,0,0,0,0
"({1, 5, 6}, 6)",9852248.350000,10567287.500000,0,0,0,0,0,0,0,0
"({1, 5, 6}, 5)",9852248.350000,10567287.500000,0,0,0,0,0,0,0,0
"({1, 4, 7}, 20)",,,,,,,,,,
"({1, 4, 7}, 19)",,,,,,,,,,
"({1, 4, 7}, 18)",,,,,,,,,,
"({1, 4, 7}, 17)",,,,,,,,,,
"({1, 4, 7}, 16)",,,,,,,,,,
"({1, 4, 7}, 15)",9809480.917000,10646320.420000,11916141.420000,13909849.330000,14469287.580000,16164024.330000,18692392.830000,20217367.920000,21842143.170000,24731493.500000
"({1, 4, 7}, 14)",9809480.917000,10646320.420000,11916141.420000,13909849.330000,14469287.580000,16164024.330000,18692392.830000,20217367.920000,0,0
"({1, 4, 7}, 13)",9809480.917000,10646320.420000,11916141.420000,13909849.330000,14469287.580000,16164024.330000,18692392.830000,0,0,0
"({1, 4, 7}, 12)",9809480.917000,10646320.420000,11916141.420000,13909849.330000,14469287.580000,16164024.330000,18692392.830000,0,0,0
"({1, 4, 7}, 11)",9809480.917000,10646320.420000,11916141.420000,13909849.330000,14469287.580000,16164024.330000,0,0,0,0
"({1, 4, 7}, 10)",9809480.917000,10646320.420000,11916141.420000,13909849.330000,14469287.580000,16164024.330000,0,0,0,0
"({1, 4, 7}, 9)",9809480.917000,10646320.420000,11916141.420000,13909849.330000,0,0,0,0,0,0
"({1, 4, 7}, 8)",9809480.917000,10646320.420000,11916141.420000,13909849.330000,0,0,0,0,0,0
"({1, 4, 7}, 7)",9809480.917000,10646320.420000,11916141.420000,0,0,0,0,0,0,0
"({1, 4, 7}, 6)",9809480.917000,10646320.420000,0,0,0,0,0,0,0,0
"({1, 4, 7}, 5)",9809480.917000,10646320.420000,0,0,0,0,0,0,0,0
"({1, 4, 6}, 20)",,,,,,,,,,
"({1, 4, 6}, 19)",,,,,,,,,,
"({1, 4, 6}, 18)",,,,,,,,,,
"({1, 4, 6}, 17)",,,,,,,,,,
"({1, 4, 6}, 16)",,,,,,,,,,
"({1, 4, 6}, 15)",11127354.580000,10639010.670000,12941107.080000,15623421.330000,16080208.080000,16570882.420000,21737415.580000,22098988.920000,24948789.830000,28377815.080000
"({1, 4, 6}, 14)",11127354.580000,10639010.670000,12941107.080000,15623421.330000,16080208.080000,16570882.420000,21737415.580000,22098988.920000,0,0
"({1, 4, 6}, 13)",11127354.580000,10639010.670000,12941107.080000,15623421.330000,16080208.080000,16570882.420000,21737415.580000,0,0,0
"({1, 4, 6}, 12)",11127354.580000,10639010.670000,12941107.080000,15623421.330000,16080208.080000,16570882.420000,21737415.580000,0,0,0
"({1, 4, 6}, 11)",11127354.580000,10639010.670000,12941107.080000,15623421.330000,16080208.080000,16570882.420000,0,0,0,0
"({1, 4, 6}, 10)",11127354.580000,10639010.670000,12941107.080000,15623421.330000,16080208.080000,16570882.420000,0,0,0,0
"({1, 4, 6}, 9)",11127354.580000,10639010.670000,12941107.080000,15623421.330000,0,0,0,0,0,0
"({1, 4, 6}, 8)",11127354.580000,10639010.670000,12941107.080000,15623421.330000,0,0,0,0,0,0
"({1, 4, 6}, 7)",11127354.580000,10639010.670000,12941107.080000,0,0,0,0,0,0,0
"({1, 4, 6}, 6)",11127354.580000,10639010.670000,0,0,0,0,0,0,0,0
"({1, 4, 6}, 5)",11127354.580000,10639010.670000,0,0,0,0,0,0,0,0
"({1, 4, 5}, 20)",,,,,,,,,,
"({1, 4, 5}, 19)",,,,,,,,,,
"({1, 4, 5}, 18)",,,,,,,,,,
"({1, 4, 5}, 17)",,,,,,,,,,
"({1, 4, 5}, 16)",,,,,,,,,,
"({1, 4, 5}, 15)",10031909.180000,10639010.670000,11668050.330000,15623421.330000,14108728.430000,15904202.420000,20708620.680000,22780263.570000,23747317.420000,26887379.170000
"({1, 4, 5}, 14)",10031909.180000,10639010.670000,11668050.330000,15623421.330000,14108728.430000,15904202.420000,20708620.680000,22780263.570000,0,0
"({1, 4, 5}, 13)",10031909.180000,10639010.670000,11668050.330000,15623421.330000,14108728.430000,15904202.420000,20708620.680000,0,0,0
"({1, 4, 5}, 12)",10031909.180000,10639010.670000,11668050.330000,15623421.330000,14108728.430000,15904202.420000,20708620.680000,0,0,0
"({1, 4, 5}, 11)",10031909.180000,10639010.670000,11668050.330000,15623421.330000,14108728.430000,15904202.420000,0,0,0,0
"({1, 4, 5}, 10)",10031909.180000,10639010.670000,11668050.330000,15623421.330000,14108728.430000,15904202.420000,0,0,0,0
"({1, 4, 5}, 9)",10031909.180000,10639010.670000,11668050.330000,15623421.330000,0,0,0,0,0,0
"({1, 4, 5}, 8)",10031909.180000,10639010.670000,11668050.330000,15623421.330000,0,0,0,0,0,0
"({1, 4, 5}, 7)",10031909.180000,10639010.670000,11668050.330000,0,0,0,0,0,0,0
"({1, 4, 5}, 6)",10031909.180000,10639010.670000,0,0,0,0,0,0,0,0
"({1, 4, 5}, 5)",10031909.180000,10639010.670000,0,0,0,0,0,0,0,0
"({1, 3, 7}, 20)",,,,,,,,,,
"({1, 3, 7}, 19)",,,,,,,,,,
"({1, 3, 7}, 18)",,,,,,,,,,
"({1, 3, 7}, 17)",,,,,,,,,,
"({1, 3, 7}, 16)",,,,,,,,,,
"({1, 3, 7}, 15)",9593875.083000,10336921.000000,11934743.330000,13602641.500000,14312994.500000,16026341.920000,17989475.120000,19784301.830000,21159488.000000,24528774.670000
"({1, 3, 7}, 14)",9593875.083000,10336921.000000,11934743.330000,13602641.500000,14312994.500000,16026341.920000,17989475.120000,19784301.830000,0,0
"({1, 3, 7}, 13)",9593875.083000,10336921.000000,11934743.330000,13602641.500000,14312994.500000,16026341.920000,17989475.120000,0,0,0
"({1, 3, 7}, 12)",9593875.083000,10336921.000000,11934743.330000,13602641.500000,14312994.500000,16026341.920000,17989475.120000,0,0,0
"({1, 3, 7}, 11)",9593875.083000,10336921.000000,11934743.330000,13602641.500000,14312994.500000,16026341.920000,0,0,0,0
"({1, 3, 7}, 10)",9593875.083000,10336921.000000,11934743.330000,13602641.500000,14312994.500000,16026341.920000,0,0,0,0
"({1, 3, 7}, 9)",9593875.083000,10336921.000000,11934743.330000,13602641.500000,0,0,0,0,0,0
"({1, 3, 7}, 8)",9593875.083000,10336921.000000,11934743.330000,13602641.500000,0,0,0,0,0,0
"({1, 3, 7}, 7)",9593875.083000,10336921.000000,11934743.330000,0,0,0,0,0,0,0
"({1, 3, 7}, 6)",9593875.083000,10336921.000000,0,0,0,0,0,0,0,0
"({1, 3, 7}, 5)",9593875.083000,10336921.000000,0,0,0,0,0,0,0,0
"({1, 3, 6}, 20)",,,,,,,,,,
"({1, 3, 6}, 19)",,,,,,,,,,
"({1, 3, 6}, 18)",,,,,,,,,,
"({1, 3, 6}, 17)",,,,,,,,,,
"({1, 3, 6}, 16)",,,,,,,,,,
"({1, 3, 6}, 15)",10683500.100000,10372381.170000,13026906.900000,14839100.500000,15923914.590000,16433200.000000,20648527.200000,23349887.750000,23493630.650000,27059420.500000
"({1, 3, 6}, 14)",10683500.100000,10372381.170000,13026906.900000,14839100.500000,15923914.590000,16433200.000000,20648527.200000,23349887.750000,0,0
"({1, 3, 6}, 13)",10683500.100000,10372381.170000,13026906.900000,14839100.500000,15923914.590000,16433200.000000,20648527.200000,0,0,0
"({1, 3, 6}, 12)",10683500.100000,10372381.170000,13026906.900000,14839100.500000,15923914.590000,16433200.000000,20648527.200000,0,0,0
"({1, 3, 6}, 11)",10683500.100000,10372381.170000,13026906.900000,14839100.500000,15923914.590000,16433200.000000,0,0,0,0
"({1, 3, 6}, 10)",10683500.100000,10372381.170000,13026906.900000,14839100.500000,15923914.590000,16433200.000000,0,0,0,0
"({1, 3, 6}, 9)",10683500.100000,10372381.170000,13026906.900000,14839100.500000,0,0,0,0,0,0
"({1, 3, 6}, 8)",10683500.100000,10372381.170000,13026906.900000,14839100.500000,0,0,0,0,0,0
"({1, 3, 6}, 7)",10683500.100000,10372381.170000,13026906.900000,0,0,0,0,0,0,0
"({1, 3, 6}, 6)",10683500.100000,10372381.170000,0,0,0,0,0,0,0,0
"({1, 3, 6}, 5)",10683500.100000,10372381.170000,0,0,0,0,0,0,0,0
"({1, 3, 5}, 20)",,,,,,,,,,
"({1, 3, 5}, 19)",,,,,,,,,,
"({1, 3, 5}, 18)",,,,,,,,,,
"({1, 3, 5}, 17)",,,,,,,,,,
"({1, 3, 5}, 16)",,,,,,,,,,
"({1, 3, 5}, 15)",9928593.850000,10329611.180000,11686652.250000,14839100.500000,13952435.350000,15766520.000000,18888399.600000,21854275.450000,22589573.650000,25977207.900000
"({1, 3, 5}, 14)",9928593.850000,10329611.180000,11686652.250000,14839100.500000,13952435.350000,15766520.000000,18888399.600000,21854275.450000,0,0
"({1, 3, 5}, 13)",9928593.850000,10329611.180000,11686652.250000,14839100.500000,13952435.350000,15766520.000000,18888399.600000,0,0,0
"({1, 3, 5}, 12)",9928593.850000,10329611.180000,11686652.250000,14839100.500000,13952435.350000,15766520.000000,18888399.600000,0,0,0
"({1, 3, 5}, 11)",9928593.850000,10329611.180000,11686652.250000,14839100.500000,13952435.350000,15766520.000000,0,0,0,0
"({1, 3, 5}, 10)",9928593.850000,10329611.180000,11686652.250000,14839100.500000,13952435.350000,15766520.000000,0,0,0,0
"({1, 3, 5}, 9)",9928593.850000,10329611.180000,11686652.250000,14839100.500000,0,0,0,0,0,0
"({1, 3, 5}, 8)",9928593.850000,10329611.180000,11686652.250000,14839100.500000,0,0,0,0,0,0
"({1, 3, 5}, 7)",9928593.850000,10329611.180000,11686652.250000,0,0,0,0,0,0,0
"({1, 3, 5}, 6)",9928593.850000,10329611.180000,0,0,0,0,0,0,0,0
"({1, 3, 5}, 5)",9928593.850000,10329611.180000,0,0,0,0,0,0,0,0
"({1, 3, 4}, 20)",,,,,,,,,,
"({1, 3, 4}, 19)",,,,,,,,,,
"({1, 3, 4}, 18)",,,,,,,,,,
"({1, 3, 4}, 17)",,,,,,,,,,
"({1, 3, 4}, 16)",,,,,,,,,,
"({1, 3, 4}, 15)",11640380.150000,10329611.250000,13026906.900000,14839100.500000,15923915.000000,16433200.000000,20648527.200000,23349887.750000,23410820.650000,26995493.000000
"({1, 3, 4}, 14)",11640380.150000,10329611.250000,13026906.900000,14839100.500000,15923915.000000,16433200.000000,20648527.200000,23349887.750000,0,0
"({1, 3, 4}, 13)",11640380.150000,10329611.250000,13026906.900000,14839100.500000,15923915.000000,16433200.000000,20648527.200000,0,0,0
"({1, 3, 4}, 12)",11640380.150000,10329611.250000,13026906.900000,14839100.500000,15923915.000000,16433200.000000,20648527.200000,0,0,0
"({1, 3, 4}, 11)",11640380.150000,10329611.250000,13026906.900000,14839100.500000,15923915.000000,16433200.000000,0,0,0,0
"({1, 3, 4}, 10)",11640380.150000,10329611.250000,13026906.900000,14839100.500000,15923915.000000,16433200.000000,0,0,0,0
"({1, 3, 4}, 9)",11640380.150000,10329611.250000,13026906.900000,14839100.500000,0,0,0,0,0,0
"({1, 3, 4}, 8)",11640380.150000,10329611.250000,13026906.900000,14839100.500000,0,0,0,0,0,0
"({1, 3, 4}, 7)",11640380.150000,10329611.250000,13026906.900000,0,0,0,0,0,0,0
"({1, 3, 4}, 6)",11640380.150000,10329611.250000,0,0,0,0,0,0,0,0
"({1, 3, 4}, 5)",11640380.150000,10329611.250000,0,0,0,0,0,0,0,0
"({1, 2, 7}, 20)",,,,,,,,,,
"({1, 2, 7}, 19)",,,,,,,,,,
"({1, 2, 7}, 18)",,,,,,,,,,
"({1, 2, 7}, 17)",,,,,,,,,,
"({1, 2, 7}, 16)",,,,,,,,,,
"({1, 2, 7}, 15)",9090755.917000,10873615.670000,11578791.580000,13909849.330000,14130198.830000,16540099.330000,17919077.170000,19633733.000000,21631101.920000,24874935.750000
"({1, 2, 7}, 14)",9090755.917000,10873615.670000,11578791.580000,13909849.330000,14130198.830000,16540099.330000,17919077.170000,19633733.000000,0,0
"({1, 2, 7}, 13)",9090755.917000,10873615.670000,11578791.580000,13909849.330000,14130198.830000,16540099.330000,17919077.170000,0,0,0
"({1, 2, 7}, 12)",9090755.917000,10873615.670000,11578791.580000,13909849.330000,14130198.830000,16540099.330000,17919077.170000,0,0,0
"({1, 2, 7}, 11)",9090755.917000,10873615.670000,11578791.580000,13909849.330000,14130198.830000,16540099.330000,0,0,0,0
"({1, 2, 7}, 10)",9090755.917000,10873615.670000,11578791.580000,13909849.330000,14130198.830000,16540099.330000,0,0,0,0
"({1, 2, 7}, 9)",9090755.917000,10873615.670000,11578791.580000,13909849.330000,0,0,0,0,0,0
"({1, 2, 7}, 8)",9090755.917000,10873615.670000,11578791.580000,13909849.330000,0,0,0,0,0,0
"({1, 2, 7}, 7)",9090755.917000,10873615.670000,11578791.580000,0,0,0,0,0,0,0
"({1, 2, 7}, 6)",9090755.917000,10873615.670000,0,0,0,0,0,0,0,0
"({1, 2, 7}, 5)",9090755.917000,10873615.670000,0,0,0,0,0,0,0,0
"({1, 2, 6}, 20)",,,,,,,,,,
"({1, 2, 6}, 19)",,,,,,,,,,
"({1, 2, 6}, 18)",,,,,,,,,,
"({1, 2, 6}, 17)",,,,,,,,,,
"({1, 2, 6}, 16)",,,,,,,,,,
"({1, 2, 6}, 15)",9393011.250000,10628279.080000,12819089.500000,14963936.170000,14004131.750000,17508350.420000,19616801.750000,21120631.580000,23083108.420000,27135925.250000
"({1, 2, 6}, 14)",9393011.250000,10628279.080000,12819089.500000,14963936.170000,14004131.750000,17508350.420000,19616801.750000,21120631.580000,0,0
"({1, 2, 6}, 13)",9393011.250000,10628279.080000,12819089.500000,14963936.170000,14004131.750000,17508350.420000,19616801.750000,0,0,0
"({1, 2, 6}, 12)",9393011.250000,10628279.080000,12819089.500000,14963936.170000,14004131.750000,17508350.420000,19616801.750000,0,0,0
"({1, 2, 6}, 11)",9393011.250000,10628279.080000,12819089.500000,14963936.170000,14004131.750000,17508350.420000,0,0,0,0
"({1, 2, 6}, 10)",9393011.250000,10628279.080000,12819089.500000,14963936.170000,14004131.750000,17508350.420000,0,0,0,0
"({1, 2, 6}, 9)",9393011.250000,10628279.080000,12819089.500000,14963936.170000,0,0,0,0,0,0
"({1, 2, 6}, 8)",9393011.250000,10628279.080000,12819089.500000,14963936.170000,0,0,0,0,0,0
"({1, 2, 6}, 7)",9393011.250000,10628279.080000,12819089.500000,0,0,0,0,0,0,0
"({1, 2, 6}, 6)",9393011.250000,10628279.080000,0,0,0,0,0,0,0,0
"({1, 2, 6}, 5)",9393011.250000,10628279.080000,0,0,0,0,0,0,0,0
"({1, 2, 5}, 20)",,,,,,,,,,
"({1, 2, 5}, 19)",,,,,,,,,,
"({1, 2, 5}, 18)",,,,,,,,,,
"({1, 2, 5}, 17)",,,,,,,,,,
"({1, 2, 5}, 16)",,,,,,,,,,
"({1, 2, 5}, 15)",9393011.250000,10628279.080000,12819089.500000,14963936.170000,14004131.750000,17505620.420000,19611796.750000,21150547.830000,23083108.420000,27135925.250000
"({1, 2, 5}, 14)",9393011.250000,10628279.080000,12819089.500000,14963936.170000,14004131.750000,17505620.420000,19611796.750000,21150547.830000,0,0
"({1, 2, 5}, 13)",9393011.250000,10628279.080000,12819089.500000,14963936.170000,14004131.750000,17505620.420000,19611796.750000,0,0,0
"({1, 2, 5}, 12)",9393011.250000,10628279.080000,12819089.500000,14963936.170000,14004131.750000,17505620.420000,19611796.750000,0,0,0
"({1, 2, 5}, 11)",9393011.250000,10628279.080000,12819089.500000,14963936.170000,14004131.750000,17505620.420000,0,0,0,0
"({1, 2, 5}, 10)",9393011.250000,10628279.080000,12819089.500000,14963936.170000,14004131.750000,17505620.420000,0,0,0,0
"({1, 2, 5}, 9)",9393011.250000,10628279.080000,12819089.500000,14963936.170000,0,0,0,0,0,0
"({1, 2, 5}, 8)",9393011.250000,10628279.080000,12819089.500000,14963936.170000,0,0,0,0,0,0
"({1, 2, 5}, 7)",9393011.250000,10628279.080000,12819089.500000,0,0,0,0,0,0,0
"({1, 2, 5}, 6)",9393011.250000,10628279.080000,0,0,0,0,0,0,0,0
"({1, 2, 5}, 5)",9393011.250000,10628279.080000,0,0,0,0,0,0,0,0
"({1, 2, 4}, 20)",,,,,,,,,,
"({1, 2, 4}, 19)",,,,,,,,,,
"({1, 2, 4}, 18)",,,,,,,,,,
"({1, 2, 4}, 17)",,,,,,,,,,
"({1, 2, 4}, 16)",,,,,,,,,,
"({1, 2, 4}, 15)",9572672.083000,10700002.250000,11358300.330000,14099391.250000,14033716.080000,15845271.170000,18634840.000000,20289123.170000,21928298.580000,25431609.000000
"({1, 2, 4}, 14)",9572672.083000,10700002.250000,11358300.330000,14099391.250000,14033716.080000,15845271.170000,18634840.000000,20289123.170000,0,0
"({1, 2, 4}, 13)",9572672.083000,10700002.250000,11358300.330000,14099391.250000,14033716.080000,15845271.170000,18634840.000000,0,0,0
"({1, 2, 4}, 12)",9572672.083000,10700002.250000,11358300.330000,14099391.250000,14033716.080000,15845271.170000,18634840.000000,0,0,0
"({1, 2, 4}, 11)",9572672.083000,10700002.250000,11358300.330000,14099391.250000,14033716.080000,15845271.170000,0,0,0,0
"({1, 2, 4}, 10)",9572672.083000,10700002.250000,11358300.330000,14099391.250000,14033716.080000,15845271.170000,0,0,0,0
"({1, 2, 4}, 9)",9572672.083000,10700002.250000,11358300.330000,14099391.250000,0,0,0,0,0,0
"({1, 2, 4}, 8)",9572672.083000,10700002.250000,11358300.330000,14099391.250000,0,0,0,0,0,0
"({1, 2, 4}, 7)",9572672.083000,10700002.250000,11358300.330000,0,0,0,0,0,0,0
"({1, 2, 4}, 6)",9572672.083000,10700002.250000,0,0,0,0,0,0,0,0
"({1, 2, 4}, 5)",9572672.083000,10700002.250000,0,0,0,0,0,0,0,0
"({1, 2, 3}, 20)",,,,,,,,,,
"({1, 2, 3}, 19)",,,,,,,,,,
"({1, 2, 3}, 18)",,,,,,,,,,
"({1, 2, 3}, 17)",,,,,,,,,,
"({1, 2, 3}, 16)",,,,,,,,,,
"({1, 2, 3}, 15)",9314296.250000,10433372.830000,11376902.250000,13682157.420000,13877423.000000,15707588.750000,17689964.250000,19828586.750000,21162833.420000,24521437.730000
"({1, 2, 3}, 14)",9314296.250000,10433372.830000,11376902.250000,13682157.420000,13877423.000000,15707588.750000,17689964.250000,19828586.750000,0,0
"({1, 2, 3}, 13)",9314296.250000,10433372.830000,11376902.250000,13682157.420000,13877423.000000,15707588.750000,17689964.250000,0,0,0
"({1, 2, 3}, 12)",9314296.250000,10433372.830000,11376902.250000,13682157.420000,13877423.000000,15707588.750000,17689964.250000,0,0,0
"({1, 2, 3}, 11)",9314296.250000,10433372.830000,11376902.250000,13682157.420000,13877423.000000,15707588.750000,0,0,0,0
"({1, 2, 3}, 10)",9314296.250000,10433372.830000,11376902.250000,13682157.420000,13877423.000000,15707588.750000,0,0,0,0
"({1, 2, 3}, 9)",9314296.250000,10433372.830000,11376902.250000,13682157.420000,0,0,0,0,0,0
"({1, 2, 3}, 8)",9314296.250000,10433372.830000,11376902.250000,13682157.420000,0,0,0,0,0,0
"({1, 2, 3}, 7)",9314296.250000,10433372.830000,11376902.250000,0,0,0,0,0,0,0
"({1, 2, 3}, 6)",9314296.250000,10433372.830000,0,0,0,0,0,0,0,0
"({1, 2, 3}, 5)",9314296.250000,10433372.830000,0,0,0,0,0,0,0,0
"({1, 7}, 20)",,,,,,,,,,
"({1, 7}, 19)",,,,,,,,,,
"({1, 7}, 18)",,,,,,,,,,
"({1, 7}, 17)",,,,,,,,,,
"({1, 7}, 16)",,,,,,,,,,
"({1, 7}, 15)",9629820.083000,10812624.080000,12152792.170000,13909849.330000,14495371.330000,16889468.750000,18692392.830000,20336903.420000,21873443.670000,25443975.080000
"({1, 7}, 14)",9629820.083000,10812624.080000,12152792.170000,13909849.330000,14495371.330000,16889468.750000,18692392.830000,20336903.420000,0,0
"({1, 7}, 13)",9629820.083000,10812624.080000,12152792.170000,13909849.330000,14495371.330000,16889468.750000,18692392.830000,0,0,0
"({1, 7}, 12)",9629820.083000,10812624.080000,12152792.170000,13909849.330000,14495371.330000,16889468.750000,18692392.830000,0,0,0
"({1, 7}, 11)",9629820.083000,10812624.080000,12152792.170000,13909849.330000,14495371.330000,16889468.750000,0,0,0,0
"({1, 7}, 10)",9629820.083000,10812624.080000,12152792.170000,13909849.330000,14495371.330000,16889468.750000,0,0,0,0
"({1, 7}, 9)",9629820.083000,10812624.080000,12152792.170000,13909849.330000,0,0,0,0,0,0
"({1, 7}, 8)",9629820.083000,10812624.080000,12152792.170000,13909849.330000,0,0,0,0,0,0
"({1, 7}, 7)",9629820.083000,10812624.080000,12152792.170000,0,0,0,0,0,0,0
"({1, 7}, 6)",9629820.083000,10812624.080000,0,0,0,0,0,0,0,0
"({1, 7}, 5)",9629820.083000,10812624.080000,0,0,0,0,0,0,0,0
"({1, 6}, 20)",,,,,,,,,,
"({1, 6}, 19)",,,,,,,,,,
"({1, 6}, 18)",,,,,,,,,,
"({1, 6}, 17)",,,,,,,,,,
"({1, 6}, 16)",,,,,,,,,,
"({1, 6}, 15)",10947693.750000,10567287.500000,14401896.250000,16487966.250000,16050623.750000,17729285.000000,22256972.500000,22768112.500000,25914621.250000,29732342.500000
"({1, 6}, 14)",10947693.750000,10567287.500000,14401896.250000,16487966.250000,16050623.750000,17729285.000000,22256972.500000,22768112.500000,0,0
"({1, 6}, 13)",10947693.750000,10567287.500000,14401896.250000,16487966.250000,16050623.750000,17729285.000000,22256972.500000,0,0,0
"({1, 6}, 12)",10947693.750000,10567287.500000,14401896.250000,16487966.250000,16050623.750000,17729285.000000,22256972.500000,0,0,0
"({1, 6}, 11)",10947693.750000,10567287.500000,14401896.250000,16487966.250000,16050623.750000,17729285.000000,0,0,0,0
"({1, 6}, 10)",10947693.750000,10567287.500000,14401896.250000,16487966.250000,16050623.750000,17729285.000000,0,0,0,0
"({1, 6}, 9)",10947693.750000,10567287.500000,14401896.250000,16487966.250000,0,0,0,0,0,0
"({1, 6}, 8)",10947693.750000,10567287.500000,14401896.250000,16487966.250000,0,0,0,0,0,0
"({1, 6}, 7)",10947693.750000,10567287.500000,14401896.250000,0,0,0,0,0,0,0
"({1, 6}, 6)",10947693.750000,10567287.500000,0,0,0,0,0,0,0,0
"({1, 6}, 5)",10947693.750000,10567287.500000,0,0,0,0,0,0,0,0
"({1, 5}, 20)",,,,,,,,,,
"({1, 5}, 19)",,,,,,,,,,
"({1, 5}, 18)",,,,,,,,,,
"({1, 5}, 17)",,,,,,,,,,
"({1, 5}, 16)",,,,,,,,,,
"({1, 5}, 15)",9852248.350000,10567287.500000,13128839.500000,16487966.250000,14079144.100000,17062605.000000,21750697.500000,23449387.150000,24902127.250000,29112326.950000
"({1, 5}, 14)",9852248.350000,10567287.500000,13128839.500000,16487966.250000,14079144.100000,17062605.000000,21750697.500000,23449387.150000,0,0
"({1, 5}, 13)",9852248.350000,10567287.500000,13128839.500000,16487966.250000,14079144.100000,17062605.000000,21750697.500000,0,0,0
"({1, 5}, 12)",9852248.350000,10567287.500000,13128839.500000,16487966.250000,14079144.100000,17062605.000000,21750697.500000,0,0,0
"({1, 5}, 11)",9852248.350000,10567287.500000,13128839.500000,16487966.250000,14079144.100000,17062605.000000,0,0,0,0
"({1, 5}, 10)",9852248.350000,10567287.500000,13128839.500000,16487966.250000,14079144.100000,17062605.000000,0,0,0,0
"({1, 5}, 9)",9852248.350000,10567287.500000,13128839.500000,16487966.250000,0,0,0,0,0,0
"({1, 5}, 8)",9852248.350000,10567287.500000,13128839.500000,16487966.250000,0,0,0,0,0,0
"({1, 5}, 7)",9852248.350000,10567287.500000,13128839.500000,0,0,0,0,0,0,0
"({1, 5}, 6)",9852248.350000,10567287.500000,0,0,0,0,0,0,0,0
"({1, 5}, 5)",9852248.350000,10567287.500000,0,0,0,0,0,0,0,0
"({1, 4}, 20)",,,,,,,,,,
"({1, 4}, 19)",,,,,,,,,,
"({1, 4}, 18)",,,,,,,,,,
"({1, 4}, 17)",,,,,,,,,,
"({1, 4}, 16)",,,,,,,,,,
"({1, 4}, 15)",11715809.580000,10639010.670000,12941107.080000,15623421.330000,16080208.080000,16570882.420000,21737415.580000,22098988.920000,24948789.830000,28377815.080000
"({1, 4}, 14)",11715809.580000,10639010.670000,12941107.080000,15623421.330000,16080208.080000,16570882.420000,21737415.580000,22098988.920000,0,0
"({1, 4}, 13)",11715809.580000,10639010.670000,12941107.080000,15623421.330000,16080208.080000,16570882.420000,21737415.580000,0,0,0
"({1, 4}, 12)",11715809.580000,10639010.670000,12941107.080000,15623421.330000,16080208.080000,16570882.420000,21737415.580000,0,0,0
"({1, 4}, 11)",11715809.580000,10639010.670000,12941107.080000,15623421.330000,16080208.080000,16570882.420000,0,0,0,0
"({1, 4}, 10)",11715809.580000,10639010.670000,12941107.080000,15623421.330000,16080208.080000,16570882.420000,0,0,0,0
"({1, 4}, 9)",11715809.580000,10639010.670000,12941107.080000,15623421.330000,0,0,0,0,0,0
"({1, 4}, 8)",11715809.580000,10639010.670000,12941107.080000,15623421.330000,0,0,0,0,0,0
"({1, 4}, 7)",11715809.580000,10639010.670000,12941107.080000,0,0,0,0,0,0,0
"({1, 4}, 6)",11715809.580000,10639010.670000,0,0,0,0,0,0,0,0
"({1, 4}, 5)",11715809.580000,10639010.670000,0,0,0,0,0,0,0,0
"({1, 3}, 20)",,,,,,,,,,
"({1, 3}, 19)",,,,,,,,,,
"({1, 3}, 18)",,,,,,,,,,
"({1, 3}, 17)",,,,,,,,,,
"({1, 3}, 16)",,,,,,,,,,
"({1, 3}, 15)",11640380.150000,10329611.250000,13026906.900000,14839100.500000,15923915.000000,16433200.000000,20648527.200000,23301657.750000,23443921.900000,27059420.500000
"({1, 3}, 14)",11640380.150000,10329611.250000,13026906.900000,14839100.500000,15923915.000000,16433200.000000,20648527.200000,23301657.750000,0,0
"({1, 3}, 13)",11640380.150000,10329611.250000,13026906.900000,14839100.500000,15923915.000000,16433200.000000,20648527.200000,0,0,0
"({1, 3}, 12)",11640380.150000,10329611.250000,13026906.900000,14839100.500000,15923915.000000,16433200.000000,20648527.200000,0,0,0
"({1, 3}, 11)",11640380.150000,10329611.250000,13026906.900000,14839100.500000,15923915.000000,16433200.000000,0,0,0,0
"({1, 3}, 10)",11640380.150000,10329611.250000,13026906.900000,14839100.500000,15923915.000000,16433200.000000,0,0,0,0
"({1, 3}, 9)",11640380.150000,10329611.250000,13026906.900000,14839100.500000,0,0,0,0,0,0
"({1, 3}, 8)",11640380.150000,10329611.250000,13026906.900000,14839100.500000,0,0,0,0,0,0
"({1, 3}, 7)",11640380.150000,10329611.250000,13026906.900000,0,0,0,0,0,0,0
"({1, 3}, 6)",11640380.150000,10329611.250000,0,0,0,0,0,0,0,0
"({1, 3}, 5)",11640380.150000,10329611.250000,0,0,0,0,0,0,0,0
"({1, 2}, 20)",,,,,,,,,,
"({1, 2}, 19)",,,,,,,,,,
"({1, 2}, 18)",,,,,,,,,,
"({1, 2}, 17)",,,,,,,,,,
"({1, 2}, 16)",,,,,,,,,,
"({1, 2}, 15)",9393011.250000,10628279.080000,12819089.500000,14963936.170000,14004131.750000,17509032.920000,19581880.500000,21150547.830000,23083108.420000,27215777.750000
"({1, 2}, 14)",9393011.250000,10628279.080000,12819089.500000,14963936.170000,14004131.750000,17509032.920000,19581880.500000,21150547.830000,0,0
"({1, 2}, 13)",9393011.250000,10628279.080000,12819089.500000,14963936.170000,14004131.750000,17509032.920000,19581880.500000,0,0,0
"({1, 2}, 12)",9393011.250000,10628279.080000,12819089.500000,14963936.170000,14004131.750000,17509032.920000,19581880.500000,0,0,0
"({1, 2}, 11)",9393011.250000,10628279.080000,12819089.500000,14963936.170000,14004131.750000,17509032.920000,0,0,0,0
"({1, 2}, 10)",9393011.250000,10628279.080000,12819089.500000,14963936.170000,14004131.750000,17509032.920000,0,0,0,0
"({1, 2}, 9)",9393011.250000,10628279.080000,12819089.500000,14963936.170000,0,0,0,0,0,0
"({1, 2}, 8)",9393011.250000,10628279.080000,12819089.500000,14963936.170000,0,0,0,0,0,0
"({1, 2}, 7)",9393011.250000,10628279.080000,12819089.500000,0,0,0,0,0,0,0
"({1, 2}, 6)",9393011.250000,10628279.080000,0,0,0,0,0,0,0,0
"({1, 2}, 5)",9393011.250000,10628279.080000,0,0,0,0,0,0,0,0
"({1}, 20)",,,,,,,,,,
"({1}, 19)",,,,,,,,,,
"({1}, 18)",,,,,,,,,,
"({1}, 17)",,,,,,,,,,
"({1}, 16)",,,,,,,,,,
"({1}, 15)",11536148.750000,10567287.500000,14401896.250000,16487966.250000,16050623.750000,17729285.000000,22256972.500000,22768112.500000,25914621.250000,29732342.500000
"({1}, 14)",11536148.750000,10567287.500000,14401896.250000,16487966.250000,16050623.750000,17729285.000000,22256972.500000,22768112.500000,0,0
"({1}, 13)",11536148.750000,10567287.500000,14401896.250000,16487966.250000,16050623.750000,17729285.000000,22256972.500000,0,0,0
"({1}, 12)",11536148.750000,10567287.500000,14401896.250000,16487966.250000,16050623.750000,17729285.000000,22256972.500000,0,0,0
"({1}, 11)",11536148.750000,10567287.500000,14401896.250000,16487966.250000,16050623.750000,17729285.000000,0,0,0,0
"({1}, 10)",11536148.750000,10567287.500000,14401896.250000,16487966.250000,16050623.750000,17729285.000000,0,0,0,0
"({1}, 9)",11536148.750000,10567287.500000,14401896.250000,16487966.250000,0,0,0,0,0,0
"({1}, 8)",11536148.750000,10567287.500000,14401896.250000,16487966.250000,0,0,0,0,0,0
"({1}, 7)",11536148.750000,10567287.500000,14401896.250000,0,0,0,0,0,0,0
"({1}, 6)",11536148.750000,10567287.500000,0,0,0,0,0,0,0,0
"({1}, 5)",11536148.750000,10567287.500000,0,0,0,0,0,0,0,0
