DP State,Daily Cost,Period Cost,Travel Dist (mi),Charging Time (min),Comp Time (s),Solved Routes,Total Routes,Failed Routes
"({1, 2, 3, 4, 5, 6, 7}, 15)",10883.02,19053130.4,1581.28,235.62,635.83,11,15,None
"({1, 2, 3, 5, 6, 7}, 15)",12252.5,23554710.13,1713.37,251.3,512.46,11,15,None
"({1, 2, 3, 4, 6, 7}, 15)",12655.57,22147247.5,1804.98,235.6,629.91,12,15,None
"({1, 2, 3, 4, 5, 7}, 15)",16217.69,29334514.5,2253.86,235.6,306.89,14,15,None
"({1, 2, 3, 4, 5, 6}, 15)",10291.12,20949688.24,1473.25,273.3,485.77,10,15,None
"({1, 2, 3, 6, 7}, 15)",15491.41,28193129.5,2121.14,251.3,213,13,15,None
"({1, 2, 3, 5, 7}, 15)",16701.72,29228018.75,2295.95,251.3,101.83,14,15,None
"({1, 2, 3, 5, 6}, 15)",17339.05,31310045.8,2351.37,332.7,185.19,14,15,None
"({1, 2, 3, 4, 7}, 15)",18510.96,32394180,2522.84,235.62,222.76,15,15,None
"({1, 2, 3, 4, 6}, 15)",15095.24,27927593.25,2086.69,273.3,228.26,13,15,None
"({1, 2, 3, 4, 5}, 15)",19161.06,33531846.25,2579.37,273.31,162.02,15,15,None
"({1, 2, 3, 7}, 15)",18994.99,33241240.99,2564.93,251.33,45.32,15,15,None
"({1, 2, 3, 6}, 15)",17918.42,31883027.96,2401.75,332.7,60.38,14,15,None
"({1, 2, 3, 5}, 15)",19649.46,34386555,2621.84,332.74,28.71,15,15,None
"({1, 2, 3, 4}, 15)",17912.73,31347277.5,2387.32,273.31,43.23,13,15,None
"({1, 2, 3}, 15)",19649.46,34386555,2621.84,332.74,13.43,15,15,None
