state,mu_Dp_scaled
"({1, 2, 3, 4, 5, 6, 7}, 20)",17209561.95
"({1, 2, 3, 4, 5, 6, 7}, 19)",17209561.95
"({1, 2, 3, 4, 5, 6, 7}, 18)",17209561.95
"({1, 2, 3, 4, 5, 6, 7}, 17)",17209561.95
"({1, 2, 3, 4, 5, 6, 7}, 16)",17209561.95
"({1, 2, 3, 4, 5, 6, 7}, 15)",17209561.95
"({1, 2, 3, 4, 5, 6, 7}, 14)",17209561.95
"({1, 2, 3, 4, 5, 6, 7}, 13)",17209561.95
"({1, 2, 3, 4, 5, 6, 7}, 12)",17209561.95
"({1, 2, 3, 4, 5, 6, 7}, 11)",0
"({1, 2, 3, 4, 5, 6, 7}, 10)",0
"({1, 3, 4, 5, 6, 7}, 20)",17989475.12
"({1, 3, 4, 5, 6, 7}, 19)",17989475.12
"({1, 3, 4, 5, 6, 7}, 18)",17989475.12
"({1, 3, 4, 5, 6, 7}, 17)",17989475.12
"({1, 3, 4, 5, 6, 7}, 16)",17989475.12
"({1, 3, 4, 5, 6, 7}, 15)",17989475.12
"({1, 3, 4, 5, 6, 7}, 14)",17989475.12
"({1, 3, 4, 5, 6, 7}, 13)",17989475.12
"({1, 3, 4, 5, 6, 7}, 12)",17989475.12
"({1, 3, 4, 5, 6, 7}, 11)",0
"({1, 3, 4, 5, 6, 7}, 10)",0
"({1, 2, 4, 5, 6, 7}, 20)",17909749.56
"({1, 2, 4, 5, 6, 7}, 19)",17909749.56
"({1, 2, 4, 5, 6, 7}, 18)",17909749.56
"({1, 2, 4, 5, 6, 7}, 17)",17909749.56
"({1, 2, 4, 5, 6, 7}, 16)",17909749.56
"({1, 2, 4, 5, 6, 7}, 15)",17909749.56
"({1, 2, 4, 5, 6, 7}, 14)",17909749.56
"({1, 2, 4, 5, 6, 7}, 13)",17909749.56
"({1, 2, 4, 5, 6, 7}, 12)",17909749.56
"({1, 2, 4, 5, 6, 7}, 11)",0
"({1, 2, 4, 5, 6, 7}, 10)",0
"({1, 2, 3, 5, 6, 7}, 20)",17226055.7
"({1, 2, 3, 5, 6, 7}, 19)",17226055.7
"({1, 2, 3, 5, 6, 7}, 18)",17226055.7
"({1, 2, 3, 5, 6, 7}, 17)",17226055.7
"({1, 2, 3, 5, 6, 7}, 16)",17226055.7
"({1, 2, 3, 5, 6, 7}, 15)",17226055.7
"({1, 2, 3, 5, 6, 7}, 14)",17226055.7
"({1, 2, 3, 5, 6, 7}, 13)",17226055.7
"({1, 2, 3, 5, 6, 7}, 12)",17226055.7
"({1, 2, 3, 5, 6, 7}, 11)",0
"({1, 2, 3, 5, 6, 7}, 10)",0
"({1, 2, 3, 4, 6, 7}, 20)",17216159.45
"({1, 2, 3, 4, 6, 7}, 19)",17216159.45
"({1, 2, 3, 4, 6, 7}, 18)",17216159.45
"({1, 2, 3, 4, 6, 7}, 17)",17216159.45
"({1, 2, 3, 4, 6, 7}, 16)",17216159.45
"({1, 2, 3, 4, 6, 7}, 15)",17216159.45
"({1, 2, 3, 4, 6, 7}, 14)",17216159.45
"({1, 2, 3, 4, 6, 7}, 13)",17216159.45
"({1, 2, 3, 4, 6, 7}, 12)",17216159.45
"({1, 2, 3, 4, 6, 7}, 11)",0
"({1, 2, 3, 4, 6, 7}, 10)",0
"({1, 2, 3, 4, 5, 7}, 20)",17209561.95
"({1, 2, 3, 4, 5, 7}, 19)",17209561.95
"({1, 2, 3, 4, 5, 7}, 18)",17209561.95
"({1, 2, 3, 4, 5, 7}, 17)",17209561.95
"({1, 2, 3, 4, 5, 7}, 16)",17209561.95
"({1, 2, 3, 4, 5, 7}, 15)",17209561.95
"({1, 2, 3, 4, 5, 7}, 14)",17209561.95
"({1, 2, 3, 4, 5, 7}, 13)",17209561.95
"({1, 2, 3, 4, 5, 7}, 12)",17209561.95
"({1, 2, 3, 4, 5, 7}, 11)",0
"({1, 2, 3, 4, 5, 7}, 10)",0
"({1, 2, 3, 4, 5, 6}, 20)",17689964.25
"({1, 2, 3, 4, 5, 6}, 19)",17689964.25
"({1, 2, 3, 4, 5, 6}, 18)",17689964.25
"({1, 2, 3, 4, 5, 6}, 17)",17689964.25
"({1, 2, 3, 4, 5, 6}, 16)",17689964.25
"({1, 2, 3, 4, 5, 6}, 15)",17689964.25
"({1, 2, 3, 4, 5, 6}, 14)",17689964.25
"({1, 2, 3, 4, 5, 6}, 13)",17689964.25
"({1, 2, 3, 4, 5, 6}, 12)",17689964.25
"({1, 2, 3, 4, 5, 6}, 11)",0
"({1, 2, 3, 4, 5, 6}, 10)",0
"({1, 4, 5, 6, 7}, 20)",18692392.83
"({1, 4, 5, 6, 7}, 19)",18692392.83
"({1, 4, 5, 6, 7}, 18)",18692392.83
"({1, 4, 5, 6, 7}, 17)",18692392.83
"({1, 4, 5, 6, 7}, 16)",18692392.83
"({1, 4, 5, 6, 7}, 15)",18692392.83
"({1, 4, 5, 6, 7}, 14)",18692392.83
"({1, 4, 5, 6, 7}, 13)",18692392.83
"({1, 4, 5, 6, 7}, 12)",18692392.83
"({1, 4, 5, 6, 7}, 11)",0
"({1, 4, 5, 6, 7}, 10)",0
"({1, 3, 5, 6, 7}, 20)",17989475.12
"({1, 3, 5, 6, 7}, 19)",17989475.12
"({1, 3, 5, 6, 7}, 18)",17989475.12
"({1, 3, 5, 6, 7}, 17)",17989475.12
"({1, 3, 5, 6, 7}, 16)",17989475.12
"({1, 3, 5, 6, 7}, 15)",17989475.12
"({1, 3, 5, 6, 7}, 14)",17989475.12
"({1, 3, 5, 6, 7}, 13)",17989475.12
"({1, 3, 5, 6, 7}, 12)",17989475.12
"({1, 3, 5, 6, 7}, 11)",0
"({1, 3, 5, 6, 7}, 10)",0
"({1, 3, 4, 6, 7}, 20)",17989475.12
"({1, 3, 4, 6, 7}, 19)",17989475.12
"({1, 3, 4, 6, 7}, 18)",17989475.12
"({1, 3, 4, 6, 7}, 17)",17989475.12
"({1, 3, 4, 6, 7}, 16)",17989475.12
"({1, 3, 4, 6, 7}, 15)",17989475.12
"({1, 3, 4, 6, 7}, 14)",17989475.12
"({1, 3, 4, 6, 7}, 13)",17989475.12
"({1, 3, 4, 6, 7}, 12)",17989475.12
"({1, 3, 4, 6, 7}, 11)",0
"({1, 3, 4, 6, 7}, 10)",0
"({1, 3, 4, 5, 7}, 20)",17989475.12
"({1, 3, 4, 5, 7}, 19)",17989475.12
"({1, 3, 4, 5, 7}, 18)",17989475.12
"({1, 3, 4, 5, 7}, 17)",17989475.12
"({1, 3, 4, 5, 7}, 16)",17989475.12
"({1, 3, 4, 5, 7}, 15)",17989475.12
"({1, 3, 4, 5, 7}, 14)",17989475.12
"({1, 3, 4, 5, 7}, 13)",17989475.12
"({1, 3, 4, 5, 7}, 12)",17989475.12
"({1, 3, 4, 5, 7}, 11)",0
"({1, 3, 4, 5, 7}, 10)",0
"({1, 2, 5, 6, 7}, 20)",17909749.67
"({1, 2, 5, 6, 7}, 19)",17909749.67
"({1, 2, 5, 6, 7}, 18)",17909749.67
"({1, 2, 5, 6, 7}, 17)",17909749.67
"({1, 2, 5, 6, 7}, 16)",17909749.67
"({1, 2, 5, 6, 7}, 15)",17909749.67
"({1, 2, 5, 6, 7}, 14)",17909749.67
"({1, 2, 5, 6, 7}, 13)",17909749.67
"({1, 2, 5, 6, 7}, 12)",17909749.67
"({1, 2, 5, 6, 7}, 11)",0
"({1, 2, 5, 6, 7}, 10)",0
"({1, 2, 4, 6, 7}, 20)",17909749.66
"({1, 2, 4, 6, 7}, 19)",17909749.66
"({1, 2, 4, 6, 7}, 18)",17909749.66
"({1, 2, 4, 6, 7}, 17)",17909749.66
"({1, 2, 4, 6, 7}, 16)",17909749.66
"({1, 2, 4, 6, 7}, 15)",17909749.66
"({1, 2, 4, 6, 7}, 14)",17909749.66
"({1, 2, 4, 6, 7}, 13)",17909749.66
"({1, 2, 4, 6, 7}, 12)",17909749.66
"({1, 2, 4, 6, 7}, 11)",0
"({1, 2, 4, 6, 7}, 10)",0
"({1, 2, 4, 5, 7}, 20)",17909749.4
"({1, 2, 4, 5, 7}, 19)",17909749.4
"({1, 2, 4, 5, 7}, 18)",17909749.4
"({1, 2, 4, 5, 7}, 17)",17909749.4
"({1, 2, 4, 5, 7}, 16)",17909749.4
"({1, 2, 4, 5, 7}, 15)",17909749.4
"({1, 2, 4, 5, 7}, 14)",17909749.4
"({1, 2, 4, 5, 7}, 13)",17909749.4
"({1, 2, 4, 5, 7}, 12)",17909749.4
"({1, 2, 4, 5, 7}, 11)",0
"({1, 2, 4, 5, 7}, 10)",0
"({1, 2, 4, 5, 6}, 20)",18655428.75
"({1, 2, 4, 5, 6}, 19)",18655428.75
"({1, 2, 4, 5, 6}, 18)",18655428.75
"({1, 2, 4, 5, 6}, 17)",18655428.75
"({1, 2, 4, 5, 6}, 16)",18655428.75
"({1, 2, 4, 5, 6}, 15)",18655428.75
"({1, 2, 4, 5, 6}, 14)",18655428.75
"({1, 2, 4, 5, 6}, 13)",18655428.75
"({1, 2, 4, 5, 6}, 12)",18655428.75
"({1, 2, 4, 5, 6}, 11)",0
"({1, 2, 4, 5, 6}, 10)",0
"({1, 2, 3, 6, 7}, 20)",17206831.95
"({1, 2, 3, 6, 7}, 19)",17206831.95
"({1, 2, 3, 6, 7}, 18)",17206831.95
"({1, 2, 3, 6, 7}, 17)",17206831.95
"({1, 2, 3, 6, 7}, 16)",17206831.95
"({1, 2, 3, 6, 7}, 15)",17206831.95
"({1, 2, 3, 6, 7}, 14)",17206831.95
"({1, 2, 3, 6, 7}, 13)",17206831.95
"({1, 2, 3, 6, 7}, 12)",17206831.95
"({1, 2, 3, 6, 7}, 11)",0
"({1, 2, 3, 6, 7}, 10)",0
"({1, 2, 3, 5, 7}, 20)",17206831.95
"({1, 2, 3, 5, 7}, 19)",17206831.95
"({1, 2, 3, 5, 7}, 18)",17206831.95
"({1, 2, 3, 5, 7}, 17)",17206831.95
"({1, 2, 3, 5, 7}, 16)",17206831.95
"({1, 2, 3, 5, 7}, 15)",17206831.95
"({1, 2, 3, 5, 7}, 14)",17206831.95
"({1, 2, 3, 5, 7}, 13)",17206831.95
"({1, 2, 3, 5, 7}, 12)",17206831.95
"({1, 2, 3, 5, 7}, 11)",0
"({1, 2, 3, 5, 7}, 10)",0
"({1, 2, 3, 5, 6}, 20)",17689964.25
"({1, 2, 3, 5, 6}, 19)",17689964.25
"({1, 2, 3, 5, 6}, 18)",17689964.25
"({1, 2, 3, 5, 6}, 17)",17689964.25
"({1, 2, 3, 5, 6}, 16)",17689964.25
"({1, 2, 3, 5, 6}, 15)",17689964.25
"({1, 2, 3, 5, 6}, 14)",17689964.25
"({1, 2, 3, 5, 6}, 13)",17689964.25
"({1, 2, 3, 5, 6}, 12)",17689964.25
"({1, 2, 3, 5, 6}, 11)",0
"({1, 2, 3, 5, 6}, 10)",0
"({1, 2, 3, 4, 7}, 20)",17206831.95
"({1, 2, 3, 4, 7}, 19)",17206831.95
"({1, 2, 3, 4, 7}, 18)",17206831.95
"({1, 2, 3, 4, 7}, 17)",17206831.95
"({1, 2, 3, 4, 7}, 16)",17206831.95
"({1, 2, 3, 4, 7}, 15)",17206831.95
"({1, 2, 3, 4, 7}, 14)",17206831.95
"({1, 2, 3, 4, 7}, 13)",17206831.95
"({1, 2, 3, 4, 7}, 12)",17206831.95
"({1, 2, 3, 4, 7}, 11)",0
"({1, 2, 3, 4, 7}, 10)",0
"({1, 2, 3, 4, 6}, 20)",17689964.25
"({1, 2, 3, 4, 6}, 19)",17689964.25
"({1, 2, 3, 4, 6}, 18)",17689964.25
"({1, 2, 3, 4, 6}, 17)",17689964.25
"({1, 2, 3, 4, 6}, 16)",17689964.25
"({1, 2, 3, 4, 6}, 15)",17689964.25
"({1, 2, 3, 4, 6}, 14)",17689964.25
"({1, 2, 3, 4, 6}, 13)",17689964.25
"({1, 2, 3, 4, 6}, 12)",17689964.25
"({1, 2, 3, 4, 6}, 11)",0
"({1, 2, 3, 4, 6}, 10)",0
"({1, 2, 3, 4, 5}, 20)",17704296.75
"({1, 2, 3, 4, 5}, 19)",17704296.75
"({1, 2, 3, 4, 5}, 18)",17704296.75
"({1, 2, 3, 4, 5}, 17)",17704296.75
"({1, 2, 3, 4, 5}, 16)",17704296.75
"({1, 2, 3, 4, 5}, 15)",17704296.75
"({1, 2, 3, 4, 5}, 14)",17704296.75
"({1, 2, 3, 4, 5}, 13)",17704296.75
"({1, 2, 3, 4, 5}, 12)",17704296.75
"({1, 2, 3, 4, 5}, 11)",0
"({1, 2, 3, 4, 5}, 10)",0
"({1, 5, 6, 7}, 20)",18692392.83
"({1, 5, 6, 7}, 19)",18692392.83
"({1, 5, 6, 7}, 18)",18692392.83
"({1, 5, 6, 7}, 17)",18692392.83
"({1, 5, 6, 7}, 16)",18692392.83
"({1, 5, 6, 7}, 15)",18692392.83
"({1, 5, 6, 7}, 14)",18692392.83
"({1, 5, 6, 7}, 13)",18692392.83
"({1, 5, 6, 7}, 12)",18692392.83
"({1, 5, 6, 7}, 11)",0
"({1, 5, 6, 7}, 10)",0
"({1, 4, 6, 7}, 20)",18692392.83
"({1, 4, 6, 7}, 19)",18692392.83
"({1, 4, 6, 7}, 18)",18692392.83
"({1, 4, 6, 7}, 17)",18692392.83
"({1, 4, 6, 7}, 16)",18692392.83
"({1, 4, 6, 7}, 15)",18692392.83
"({1, 4, 6, 7}, 14)",18692392.83
"({1, 4, 6, 7}, 13)",18692392.83
"({1, 4, 6, 7}, 12)",18692392.83
"({1, 4, 6, 7}, 11)",0
"({1, 4, 6, 7}, 10)",0
"({1, 4, 5, 7}, 20)",18692391.87
"({1, 4, 5, 7}, 19)",18692391.87
"({1, 4, 5, 7}, 18)",18692391.87
"({1, 4, 5, 7}, 17)",18692391.87
"({1, 4, 5, 7}, 16)",18692391.87
"({1, 4, 5, 7}, 15)",18692391.87
"({1, 4, 5, 7}, 14)",18692391.87
"({1, 4, 5, 7}, 13)",18692391.87
"({1, 4, 5, 7}, 12)",18692391.87
"({1, 4, 5, 7}, 11)",0
"({1, 4, 5, 7}, 10)",0
"({1, 3, 6, 7}, 20)",17989475.12
"({1, 3, 6, 7}, 19)",17989475.12
"({1, 3, 6, 7}, 18)",17989475.12
"({1, 3, 6, 7}, 17)",17989475.12
"({1, 3, 6, 7}, 16)",17989475.12
"({1, 3, 6, 7}, 15)",17989475.12
"({1, 3, 6, 7}, 14)",17989475.12
"({1, 3, 6, 7}, 13)",17989475.12
"({1, 3, 6, 7}, 12)",17989475.12
"({1, 3, 6, 7}, 11)",0
"({1, 3, 6, 7}, 10)",0
"({1, 3, 5, 7}, 20)",17989475.12
"({1, 3, 5, 7}, 19)",17989475.12
"({1, 3, 5, 7}, 18)",17989475.12
"({1, 3, 5, 7}, 17)",17989475.12
"({1, 3, 5, 7}, 16)",17989475.12
"({1, 3, 5, 7}, 15)",17989475.12
"({1, 3, 5, 7}, 14)",17989475.12
"({1, 3, 5, 7}, 13)",17989475.12
"({1, 3, 5, 7}, 12)",17989475.12
"({1, 3, 5, 7}, 11)",0
"({1, 3, 5, 7}, 10)",0
"({1, 3, 4, 7}, 20)",17989475.12
"({1, 3, 4, 7}, 19)",17989475.12
"({1, 3, 4, 7}, 18)",17989475.12
"({1, 3, 4, 7}, 17)",17989475.12
"({1, 3, 4, 7}, 16)",17989475.12
"({1, 3, 4, 7}, 15)",17989475.12
"({1, 3, 4, 7}, 14)",17989475.12
"({1, 3, 4, 7}, 13)",17989475.12
"({1, 3, 4, 7}, 12)",17989475.12
"({1, 3, 4, 7}, 11)",0
"({1, 3, 4, 7}, 10)",0
"({1, 2, 6, 7}, 20)",17928973.42
"({1, 2, 6, 7}, 19)",17928973.42
"({1, 2, 6, 7}, 18)",17928973.42
"({1, 2, 6, 7}, 17)",17928973.42
"({1, 2, 6, 7}, 16)",17928973.42
"({1, 2, 6, 7}, 15)",17928973.42
"({1, 2, 6, 7}, 14)",17928973.42
"({1, 2, 6, 7}, 13)",17928973.42
"({1, 2, 6, 7}, 12)",17928973.42
"({1, 2, 6, 7}, 11)",0
"({1, 2, 6, 7}, 10)",0
"({1, 2, 5, 7}, 20)",17909749.67
"({1, 2, 5, 7}, 19)",17909749.67
"({1, 2, 5, 7}, 18)",17909749.67
"({1, 2, 5, 7}, 17)",17909749.67
"({1, 2, 5, 7}, 16)",17909749.67
"({1, 2, 5, 7}, 15)",17909749.67
"({1, 2, 5, 7}, 14)",17909749.67
"({1, 2, 5, 7}, 13)",17909749.67
"({1, 2, 5, 7}, 12)",17909749.67
"({1, 2, 5, 7}, 11)",0
"({1, 2, 5, 7}, 10)",0
"({1, 2, 4, 7}, 20)",17909749.67
"({1, 2, 4, 7}, 19)",17909749.67
"({1, 2, 4, 7}, 18)",17909749.67
"({1, 2, 4, 7}, 17)",17909749.67
"({1, 2, 4, 7}, 16)",17909749.67
"({1, 2, 4, 7}, 15)",17909749.67
"({1, 2, 4, 7}, 14)",17909749.67
"({1, 2, 4, 7}, 13)",17909749.67
"({1, 2, 4, 7}, 12)",17909749.67
"({1, 2, 4, 7}, 11)",0
"({1, 2, 4, 7}, 10)",0
"({1, 2, 4, 6}, 20)",18655428.75
"({1, 2, 4, 6}, 19)",18655428.75
"({1, 2, 4, 6}, 18)",18655428.75
"({1, 2, 4, 6}, 17)",18655428.75
"({1, 2, 4, 6}, 16)",18655428.75
"({1, 2, 4, 6}, 15)",18655428.75
"({1, 2, 4, 6}, 14)",18655428.75
"({1, 2, 4, 6}, 13)",18655428.75
"({1, 2, 4, 6}, 12)",18655428.75
"({1, 2, 4, 6}, 11)",0
"({1, 2, 4, 6}, 10)",0
"({1, 2, 4, 5}, 20)",18664756.77
"({1, 2, 4, 5}, 19)",18664756.77
"({1, 2, 4, 5}, 18)",18664756.77
"({1, 2, 4, 5}, 17)",18664756.77
"({1, 2, 4, 5}, 16)",18664756.77
"({1, 2, 4, 5}, 15)",18664756.77
"({1, 2, 4, 5}, 14)",18664756.77
"({1, 2, 4, 5}, 13)",18664756.77
"({1, 2, 4, 5}, 12)",18664756.77
"({1, 2, 4, 5}, 11)",0
"({1, 2, 4, 5}, 10)",0
"({1, 2, 3, 7}, 20)",17221164.45
"({1, 2, 3, 7}, 19)",17221164.45
"({1, 2, 3, 7}, 18)",17221164.45
"({1, 2, 3, 7}, 17)",17221164.45
"({1, 2, 3, 7}, 16)",17221164.45
"({1, 2, 3, 7}, 15)",17221164.45
"({1, 2, 3, 7}, 14)",17221164.45
"({1, 2, 3, 7}, 13)",17221164.45
"({1, 2, 3, 7}, 12)",17221164.45
"({1, 2, 3, 7}, 11)",0
"({1, 2, 3, 7}, 10)",0
"({1, 2, 3, 6}, 20)",17689964.25
"({1, 2, 3, 6}, 19)",17689964.25
"({1, 2, 3, 6}, 18)",17689964.25
"({1, 2, 3, 6}, 17)",17689964.25
"({1, 2, 3, 6}, 16)",17689964.25
"({1, 2, 3, 6}, 15)",17689964.25
"({1, 2, 3, 6}, 14)",17689964.25
"({1, 2, 3, 6}, 13)",17689964.25
"({1, 2, 3, 6}, 12)",17689964.25
"({1, 2, 3, 6}, 11)",0
"({1, 2, 3, 6}, 10)",0
"({1, 2, 3, 5}, 20)",17689964.25
"({1, 2, 3, 5}, 19)",17689964.25
"({1, 2, 3, 5}, 18)",17689964.25
"({1, 2, 3, 5}, 17)",17689964.25
"({1, 2, 3, 5}, 16)",17689964.25
"({1, 2, 3, 5}, 15)",17689964.25
"({1, 2, 3, 5}, 14)",17689964.25
"({1, 2, 3, 5}, 13)",17689964.25
"({1, 2, 3, 5}, 12)",17689964.25
"({1, 2, 3, 5}, 11)",0
"({1, 2, 3, 5}, 10)",0
"({1, 2, 3, 4}, 20)",17689964.25
"({1, 2, 3, 4}, 19)",17689964.25
"({1, 2, 3, 4}, 18)",17689964.25
"({1, 2, 3, 4}, 17)",17689964.25
"({1, 2, 3, 4}, 16)",17689964.25
"({1, 2, 3, 4}, 15)",17689964.25
"({1, 2, 3, 4}, 14)",17689964.25
"({1, 2, 3, 4}, 13)",17689964.25
"({1, 2, 3, 4}, 12)",17689964.25
"({1, 2, 3, 4}, 11)",0
"({1, 2, 3, 4}, 10)",0
"({1, 6, 7}, 20)",18692392.83
"({1, 6, 7}, 19)",18692392.83
"({1, 6, 7}, 18)",18692392.83
"({1, 6, 7}, 17)",18692392.83
"({1, 6, 7}, 16)",18692392.83
"({1, 6, 7}, 15)",18692392.83
"({1, 6, 7}, 14)",18692392.83
"({1, 6, 7}, 13)",18692392.83
"({1, 6, 7}, 12)",18692392.83
"({1, 6, 7}, 11)",0
"({1, 6, 7}, 10)",0
"({1, 5, 7}, 20)",18692392.83
"({1, 5, 7}, 19)",18692392.83
"({1, 5, 7}, 18)",18692392.83
"({1, 5, 7}, 17)",18692392.83
"({1, 5, 7}, 16)",18692392.83
"({1, 5, 7}, 15)",18692392.83
"({1, 5, 7}, 14)",18692392.83
"({1, 5, 7}, 13)",18692392.83
"({1, 5, 7}, 12)",18692392.83
"({1, 5, 7}, 11)",0
"({1, 5, 7}, 10)",0
"({1, 4, 7}, 20)",18692392.83
"({1, 4, 7}, 19)",18692392.83
"({1, 4, 7}, 18)",18692392.83
"({1, 4, 7}, 17)",18692392.83
"({1, 4, 7}, 16)",18692392.83
"({1, 4, 7}, 15)",18692392.83
"({1, 4, 7}, 14)",18692392.83
"({1, 4, 7}, 13)",18692392.83
"({1, 4, 7}, 12)",18692392.83
"({1, 4, 7}, 11)",0
"({1, 4, 7}, 10)",0
"({1, 3, 7}, 20)",17989475.12
"({1, 3, 7}, 19)",17989475.12
"({1, 3, 7}, 18)",17989475.12
"({1, 3, 7}, 17)",17989475.12
"({1, 3, 7}, 16)",17989475.12
"({1, 3, 7}, 15)",17989475.12
"({1, 3, 7}, 14)",17989475.12
"({1, 3, 7}, 13)",17989475.12
"({1, 3, 7}, 12)",17989475.12
"({1, 3, 7}, 11)",0
"({1, 3, 7}, 10)",0
"({1, 2, 7}, 20)",17919077.17
"({1, 2, 7}, 19)",17919077.17
"({1, 2, 7}, 18)",17919077.17
"({1, 2, 7}, 17)",17919077.17
"({1, 2, 7}, 16)",17919077.17
"({1, 2, 7}, 15)",17919077.17
"({1, 2, 7}, 14)",17919077.17
"({1, 2, 7}, 13)",17919077.17
"({1, 2, 7}, 12)",17919077.17
"({1, 2, 7}, 11)",0
"({1, 2, 7}, 10)",0
"({1, 2, 4}, 20)",18634840
"({1, 2, 4}, 19)",18634840
"({1, 2, 4}, 18)",18634840
"({1, 2, 4}, 17)",18634840
"({1, 2, 4}, 16)",18634840
"({1, 2, 4}, 15)",18634840
"({1, 2, 4}, 14)",18634840
"({1, 2, 4}, 13)",18634840
"({1, 2, 4}, 12)",18634840
"({1, 2, 4}, 11)",0
"({1, 2, 4}, 10)",0
"({1, 2, 3}, 20)",17689964.25
"({1, 2, 3}, 19)",17689964.25
"({1, 2, 3}, 18)",17689964.25
"({1, 2, 3}, 17)",17689964.25
"({1, 2, 3}, 16)",17689964.25
"({1, 2, 3}, 15)",17689964.25
"({1, 2, 3}, 14)",17689964.25
"({1, 2, 3}, 13)",17689964.25
"({1, 2, 3}, 12)",17689964.25
"({1, 2, 3}, 11)",0
"({1, 2, 3}, 10)",0
"({1, 7}, 20)",18692392.83
"({1, 7}, 19)",18692392.83
"({1, 7}, 18)",18692392.83
"({1, 7}, 17)",18692392.83
"({1, 7}, 16)",18692392.83
"({1, 7}, 15)",18692392.83
"({1, 7}, 14)",18692392.83
"({1, 7}, 13)",18692392.83
"({1, 7}, 12)",18692392.83
"({1, 7}, 11)",0
"({1, 7}, 10)",0
