Node,Demand
1,1505.71
2,1791.38
3,2224.99
4,1523.27
5,1801.94
6,580
8,926.23
10,1849.41
11,2017.53
12,2232.76
13,1340.0
14,1330.39
16,1970.34
17,1679.69
19,1930.49
20,1529.49
21,851.75
22,891.51
23,1024.93
24,1602.62
26,1862.9
27,2045.99
28,2170.63
29,1112.85
30,1572.92
31,1025.71
32,2720
33,895.54
35,1384.95
37,1205.34
38,1291.82
40,2364.8
41,1517.64
43,1381.09
44,1391.26
45,1178.17
46,1358.99
48,2102.85
49,1400.15
50,1426.11
51,955.38
52,1770.09
53,1377.38
56,2705.25
57,986.95
59,2463.18
60,971.52
61,1607.19
62,580
63,869.64
65,2038.95
66,799.38
67,2360.45
68,1773.06
69,2639.2
70,1737.84
73,1633.1
74,1328.23
75,1598.34
76,1683.43
77,1944.62
79,580
82,2388.73
83,1283.85
84,1124.42
86,1786.72
87,2516.94
91,1924.33
97,1964.13
98,1105.05
100,1013.85
103,1930.01
105,1404.65
106,1589.69
107,1249.99
109,1416.29
110,1360.41
111,1025.02
113,2065.26
115,1391.14
118,1043.91
119,1742.44
122,2493.84
123,1667.5
124,1119.54
127,1767.97
128,1927.54
129,1809.05
132,1687.44
133,1716.56
134,1774.15
135,1720.84
138,1997.71
140,2269.03
142,909.37
143,1430.94
144,1533.38
146,2366.46
147,1976.73
148,1419.42
64,1627.17
125,2017.43
102,1003.64
139,2288.01
80,2137.61
149,866.83
95,1593.72
94,1116.88
108,1766.57
85,1439.27
