Node ID,X Coordinate,Y Coordinate,Label
6.0,-84.3327,30.4237,V
51.0,-84.3038,30.3922,V
61.0,-84.349,30.428,V
84.0,-84.3406,30.4134,V
91.0,-84.364,30.4387,V
106.0,-84.3098,30.3822,V
123.0,-84.3514,30.3816,V
128.0,-84.3463,30.3865,V
132.0,-84.3245,30.4188,V
134.0,-84.3428,30.445,V
139.0,-84.3221,30.3713,V
149.0,-84.3647,30.3887,V
85.0,-84.3137,30.4087,V
151.0,-84.3531,30.4531,D
164.0,-84.2991,30.5262,C+
165.0,-84.2937,30.526,C-
162.0,-84.2976,30.384,C+
163.0,-84.2931,30.3841,C-
170.0,-84.2204,30.4504,C+
171.0,-84.2158,30.4481,C-
152.0,-84.2909,30.4424,C+
153.0,-84.2866,30.4409,C-
158.0,-84.2238,30.3783,C+
159.0,-84.2186,30.3783,C-
160.0,-84.2249,30.5145,C+
161.0,-84.2241,30.5101,C-
166.0,-84.3447,30.5051,C+
167.0,-84.339,30.5054,C-
