from_node ID,to_node ID,start_lat,start_lon,end_lat,end_lon
11,53,30.4169,-84.2527,30.3874,-84.2525
53,52,30.3874,-84.2525,30.3932,-84.2393
52,69,30.3932,-84.2393,30.3856,-84.2309
69,75,30.3856,-84.2309,30.3736,-84.2178
75,79,30.3736,-84.2178,30.384,-84.2103
79,102,30.384,-84.2103,30.3702,-84.2022
103,80,30.3684,-84.2249,30.3652,-84.2624
80,135,30.3652,-84.2624,30.3622,-84.2653
102,110,30.3702,-84.2022,30.3621,-84.2092
113,103,30.354,-84.209,30.3684,-84.2249
110,113,30.3621,-84.2092,30.354,-84.209
151,11,30.4531,-84.3531,30.4169,-84.2527
135,151,30.3622,-84.2653,30.4531,-84.3531
