state,Period 1 Value,Period 2 Value,Period 3 Value,Period 4 Value,Period 5 Value,Period 6 Value,Period 7 Value,Period 8 Value,Period 9 Value,Period 10 Value
"({1, 2, 3, 4, 5, 6, 7}, 20)",,,,,,,,,,179026341.700000
"({1, 2, 3, 4, 5, 6, 7}, 19)",,,,,,,,,,178421341.700000
"({1, 2, 3, 4, 5, 6, 7}, 18)",,,,,,,,,,177816341.700000
"({1, 2, 3, 4, 5, 6, 7}, 17)",,,,,,,,,,177211341.700000
"({1, 2, 3, 4, 5, 6, 7}, 16)",,,,,,,,,,176606341.700000
"({1, 2, 3, 4, 5, 6, 7}, 15)",,,,,,,,,,176001341.700000
"({1, 2, 3, 5, 6, 7}, 20)",,,,,,,,,,178174341.700000
"({1, 2, 3, 5, 6, 7}, 19)",,,,,,,,,,177569341.700000
"({1, 2, 3, 5, 6, 7}, 18)",,,,,,,,,,176964341.700000
"({1, 2, 3, 5, 6, 7}, 17)",,,,,,,,,,176359341.700000
"({1, 2, 3, 5, 6, 7}, 16)",,,,,,,,,,175754341.700000
"({1, 2, 3, 5, 6, 7}, 15)",,,,,,,,,,175149341.700000
"({1, 2, 3, 4, 6, 7}, 20)",,,,,,,,,,178276269.200000
"({1, 2, 3, 4, 6, 7}, 19)",,,,,,,,,,177671269.200000
"({1, 2, 3, 4, 6, 7}, 18)",,,,,,,,,,177066269.200000
"({1, 2, 3, 4, 6, 7}, 17)",,,,,,,,,,176461269.200000
"({1, 2, 3, 4, 6, 7}, 16)",,,,,,,,,,175856269.200000
"({1, 2, 3, 4, 6, 7}, 15)",,,,,,,,,,175251269.200000
"({1, 2, 3, 4, 5, 7}, 20)",,,,,,,,,,178117132.950000
"({1, 2, 3, 4, 5, 7}, 19)",,,,,,,,,,177512132.950000
"({1, 2, 3, 4, 5, 7}, 18)",,,,,,,,,,176907132.950000
"({1, 2, 3, 4, 5, 7}, 17)",,,,,,,,,,176302132.950000
"({1, 2, 3, 4, 5, 7}, 16)",,,,,,,,,,175697132.950000
"({1, 2, 3, 4, 5, 7}, 15)",,,,,,,,,,175092132.950000
"({1, 2, 3, 4, 5, 6}, 20)",,,,,,,,,,179382053.900000
"({1, 2, 3, 4, 5, 6}, 19)",,,,,,,,,,178777053.900000
"({1, 2, 3, 4, 5, 6}, 18)",,,,,,,,,,178172053.900000
"({1, 2, 3, 4, 5, 6}, 17)",,,,,,,,,,177567053.900000
"({1, 2, 3, 4, 5, 6}, 16)",,,,,,,,,,176962053.900000
"({1, 2, 3, 4, 5, 6}, 15)",,,,,,,,,,176357053.900000
"({1, 2, 3, 6, 7}, 20)",,,,,,,,,,177470110.450000
"({1, 2, 3, 6, 7}, 19)",,,,,,,,,,176865110.450000
"({1, 2, 3, 6, 7}, 18)",,,,,,,,,,176260110.450000
"({1, 2, 3, 6, 7}, 17)",,,,,,,,,,175655110.450000
"({1, 2, 3, 6, 7}, 16)",,,,,,,,,,175050110.450000
"({1, 2, 3, 6, 7}, 15)",,,,,,,,,,174445110.450000
"({1, 2, 3, 5, 7}, 20)",,,,,,,,,,177339980.450000
"({1, 2, 3, 5, 7}, 19)",,,,,,,,,,176734980.450000
"({1, 2, 3, 5, 7}, 18)",,,,,,,,,,176129980.450000
"({1, 2, 3, 5, 7}, 17)",,,,,,,,,,175524980.450000
"({1, 2, 3, 5, 7}, 16)",,,,,,,,,,174919980.450000
"({1, 2, 3, 5, 7}, 15)",,,,,,,,,,174314980.450000
"({1, 2, 3, 5, 6}, 20)",,,,,,,,,,178426313.900000
"({1, 2, 3, 5, 6}, 19)",,,,,,,,,,177821313.900000
"({1, 2, 3, 5, 6}, 18)",,,,,,,,,,177216313.900000
"({1, 2, 3, 5, 6}, 17)",,,,,,,,,,176611313.900000
"({1, 2, 3, 5, 6}, 16)",,,,,,,,,,176006313.900000
"({1, 2, 3, 5, 6}, 15)",,,,,,,,,,175401313.900000
"({1, 2, 3, 4, 7}, 20)",,,,,,,,,,177349997.950000
"({1, 2, 3, 4, 7}, 19)",,,,,,,,,,176744997.950000
"({1, 2, 3, 4, 7}, 18)",,,,,,,,,,176139997.950000
"({1, 2, 3, 4, 7}, 17)",,,,,,,,,,175534997.950000
"({1, 2, 3, 4, 7}, 16)",,,,,,,,,,174929997.950000
"({1, 2, 3, 4, 7}, 15)",,,,,,,,,,174324997.950000
"({1, 2, 3, 4, 6}, 20)",,,,,,,,,,178528241.400000
"({1, 2, 3, 4, 6}, 19)",,,,,,,,,,177923241.400000
"({1, 2, 3, 4, 6}, 18)",,,,,,,,,,177318241.400000
"({1, 2, 3, 4, 6}, 17)",,,,,,,,,,176713241.400000
"({1, 2, 3, 4, 6}, 16)",,,,,,,,,,176108241.400000
"({1, 2, 3, 4, 6}, 15)",,,,,,,,,,175503241.400000
"({1, 2, 3, 4, 5}, 20)",,,,,,,,,,178414036.400000
"({1, 2, 3, 4, 5}, 19)",,,,,,,,,,177809036.400000
"({1, 2, 3, 4, 5}, 18)",,,,,,,,,,177204036.400000
"({1, 2, 3, 4, 5}, 17)",,,,,,,,,,176599036.400000
"({1, 2, 3, 4, 5}, 16)",,,,,,,,,,175994036.400000
"({1, 2, 3, 4, 5}, 15)",,,,,,,,,,175389036.400000
"({1, 4, 5, 7}, 10)",,,,,,86027883.013000,,,,
"({1, 3, 5, 7}, 10)",,,,,68833960.263000,85714864.013000,,,,
"({1, 2, 3, 7}, 20)",,,,,,,,,,176488670.450000
"({1, 2, 3, 7}, 19)",,,,,,,,,,175883670.450000
"({1, 2, 3, 7}, 18)",,,,,,,,,,175278670.450000
"({1, 2, 3, 7}, 17)",,,,,,,,,,174673670.450000
"({1, 2, 3, 7}, 16)",,,,,,,,,,174068670.450000
"({1, 2, 3, 7}, 15)",,,,,,,,,148310455.120000,173463670.450000
"({1, 2, 3, 7}, 14)",,,,,,,,125655235.120000,,
"({1, 2, 3, 7}, 12)",,,,,,,104007526.200000,,,
"({1, 2, 3, 6}, 20)",,,,,,,,,,177681246.400000
"({1, 2, 3, 6}, 19)",,,,,,,,,,177076246.400000
"({1, 2, 3, 6}, 18)",,,,,,,,,,176471246.400000
"({1, 2, 3, 6}, 17)",,,,,,,,,,175866246.400000
"({1, 2, 3, 6}, 16)",,,,,,,,,,175261246.400000
"({1, 2, 3, 6}, 15)",,,,,,,,,,174656246.400000
"({1, 2, 3, 5}, 20)",,,,,,,,,,177482183.900000
"({1, 2, 3, 5}, 19)",,,,,,,,,,176877183.900000
"({1, 2, 3, 5}, 18)",,,,,,,,,,176272183.900000
"({1, 2, 3, 5}, 17)",,,,,,,,,,175667183.900000
"({1, 2, 3, 5}, 16)",,,,,,,,,,175062183.900000
"({1, 2, 3, 5}, 15)",,,,,,,,,,174457183.900000
"({1, 2, 3, 4}, 20)",,,,,,,,,,177624151.400000
"({1, 2, 3, 4}, 19)",,,,,,,,,,177019151.400000
"({1, 2, 3, 4}, 18)",,,,,,,,,,176414151.400000
"({1, 2, 3, 4}, 17)",,,,,,,,,,175809151.400000
"({1, 2, 3, 4}, 16)",,,,,,,,,,175204151.400000
"({1, 2, 3, 4}, 15)",,,,,,,,,,174599151.400000
"({1, 5, 7}, 10)",,,,,68417296.843000,85901327.423000,,,,
"({1, 5, 7}, 7)",,,36822077.430000,,,,,,,
"({1, 5, 7}, 5)",11305205.400000,,,,,,,,,
"({1, 4, 7}, 10)",,,,,,85537481.323000,,,,
"({1, 4, 5}, 8)",,,,53739007.510000,,,,,,
"({1, 4, 5}, 7)",,,36597586.180000,,,,,,,
"({1, 3, 7}, 10)",,,,,68310120.413000,85224462.333000,,,,
"({1, 3, 7}, 8)",,,,51849125.913000,,,,,,
"({1, 3, 7}, 7)",,,36723484.413000,,,,,,,
"({1, 3, 7}, 5)",,22620741.083000,,,,,,,,
"({1, 3, 6}, 5)",12849500.100000,,,,,,,,,
"({1, 3, 5}, 10)",,,,,69004723.950000,,,,,
"({1, 3, 5}, 8)",,,,52925288.600000,,,,,,
"({1, 3, 5}, 7)",,,36584188.100000,,,,,,,
"({1, 2, 7}, 10)",,,,,67957130.070000,85405229.400000,,,,
"({1, 2, 7}, 8)",,,,51658931.240000,,,,,,
"({1, 2, 7}, 7)",,,36206081.910000,,,,,,,
"({1, 2, 7}, 5)",11156755.917000,,,,,,,,,
"({1, 2, 4}, 10)",,,,,67821697.990000,84572969.160000,,,,
"({1, 2, 4}, 8)",,,,51621981.910000,,,,,,
"({1, 2, 4}, 7)",,,35981590.660000,,,,,,,
"({1, 2, 3}, 20)",,,,,,,,,,176668183.900000
"({1, 2, 3}, 19)",,,,,,,,,,176063183.900000
"({1, 2, 3}, 18)",,,,,,,,,,175458183.900000
"({1, 2, 3}, 17)",,,,,,,,,,174853183.900000
"({1, 2, 3}, 16)",,,,,,,,,,174248183.900000
"({1, 2, 3}, 15)",,,,,,,,,148231746.170000,173643183.900000
"({1, 2, 3}, 14)",,,,,,,,125568912.750000,,
"({1, 2, 3}, 12)",,,,,,,103620326.000000,,,
"({1, 2, 3}, 10)",,,,,67202773.000000,83800361.750000,,,,
"({1, 2, 3}, 8)",,,,51175350.000000,,,,,,
"({1, 2, 3}, 7)",,,35968192.580000,,,,,,,
"({1, 7}, 10)",,,,,67893456.993000,85410925.743000,,,,
"({1, 7}, 8)",,,,51510085.663000,,,,,,
"({1, 7}, 7)",,,36337236.333000,,,,,,,
"({1, 7}, 5)",10835820.083000,22276444.163000,,,,,,,,
"({1, 6}, 5)",12293693.750000,,,,,,,,,
"({1, 5}, 7)",,,37206375.350000,,,,,,,
"({1, 5}, 5)",11016248.350000,22190535.850000,,,,,,,,
"({1, 2}, 7)",,,36590379.830000,,,,,,,
"({1, 2}, 5)",10603011.250000,21861290.330000,,,,,,,,
"({1}, 5)",11886148.750000,22803436.250000,,,,,,,,
