state,Period 1 Comp Time (s),Period 2 Comp Time (s),Period 3 Comp Time (s),Period 4 Comp Time (s),Period 5 Comp Time (s),Period 6 Comp Time (s),Period 7 Comp Time (s),Period 8 Comp Time (s),Period 9 Comp Time (s),Period 10 Comp Time (s)
"({1, 2, 3, 4, 5, 6, 7}, 20)",67.770000,26.510000,31.790000,988.610000,14.410000,15.640000,28.550000,16.390000,15.080000,19.760000
"({1, 2, 3, 4, 5, 6, 7}, 19)",67.770000,26.510000,31.790000,988.610000,14.410000,15.640000,28.550000,16.390000,15.080000,19.760000
"({1, 2, 3, 4, 5, 6, 7}, 18)",67.770000,26.510000,31.790000,988.610000,14.410000,15.640000,28.550000,16.390000,15.080000,19.760000
"({1, 2, 3, 4, 5, 6, 7}, 17)",67.770000,26.510000,31.790000,988.610000,14.410000,15.640000,28.550000,16.390000,15.080000,19.760000
"({1, 2, 3, 4, 5, 6, 7}, 16)",67.770000,26.510000,31.790000,988.610000,14.410000,15.640000,28.550000,16.390000,15.080000,19.760000
"({1, 2, 3, 4, 5, 6, 7}, 15)",67.770000,26.510000,31.790000,988.610000,14.410000,15.640000,28.550000,16.390000,15.080000,19.760000
"({1, 2, 3, 4, 5, 6, 7}, 14)",67.770000,26.510000,31.790000,988.610000,14.410000,15.640000,28.550000,16.390000,0,0
"({1, 2, 3, 4, 5, 6, 7}, 13)",67.770000,26.510000,31.790000,988.610000,14.410000,15.640000,28.550000,0,0,0
"({1, 2, 3, 4, 5, 6, 7}, 12)",67.770000,26.510000,31.790000,988.610000,14.410000,15.640000,28.550000,0,0,0
"({1, 2, 3, 4, 5, 6, 7}, 11)",67.770000,26.510000,31.790000,988.610000,14.410000,15.640000,0,0,0,0
"({1, 2, 3, 4, 5, 6, 7}, 10)",67.770000,26.510000,31.790000,988.610000,14.410000,15.640000,0,0,0,0
"({1, 2, 3, 4, 5, 6, 7}, 9)",67.770000,26.510000,31.790000,988.610000,0,0,0,0,0,0
"({1, 2, 3, 4, 5, 6, 7}, 8)",67.770000,26.510000,31.790000,988.610000,0,0,0,0,0,0
"({1, 2, 3, 4, 5, 6, 7}, 7)",67.770000,26.510000,31.790000,0,0,0,0,0,0,0
"({1, 2, 3, 4, 5, 6, 7}, 6)",67.770000,26.510000,0,0,0,0,0,0,0,0
"({1, 2, 3, 4, 5, 6, 7}, 5)",67.770000,26.510000,0,0,0,0,0,0,0,0
"({1, 3, 4, 5, 6, 7}, 20)",71.440000,14.440000,103.220000,190.180000,17.720000,11.930000,95.960000,181.350000,31.420000,30.470000
"({1, 3, 4, 5, 6, 7}, 19)",71.440000,14.440000,103.220000,190.180000,17.720000,11.930000,95.960000,181.350000,31.420000,30.470000
"({1, 3, 4, 5, 6, 7}, 18)",71.440000,14.440000,103.220000,190.180000,17.720000,11.930000,95.960000,181.350000,31.420000,30.470000
"({1, 3, 4, 5, 6, 7}, 17)",71.440000,14.440000,103.220000,190.180000,17.720000,11.930000,95.960000,181.350000,31.420000,30.470000
"({1, 3, 4, 5, 6, 7}, 16)",71.440000,14.440000,103.220000,190.180000,17.720000,11.930000,95.960000,181.350000,31.420000,30.470000
"({1, 3, 4, 5, 6, 7}, 15)",71.440000,14.440000,103.220000,190.180000,17.720000,11.930000,95.960000,181.350000,31.420000,30.470000
"({1, 3, 4, 5, 6, 7}, 14)",71.440000,14.440000,103.220000,190.180000,17.720000,11.930000,95.960000,181.350000,0,0
"({1, 3, 4, 5, 6, 7}, 13)",71.440000,14.440000,103.220000,190.180000,17.720000,11.930000,95.960000,0,0,0
"({1, 3, 4, 5, 6, 7}, 12)",71.440000,14.440000,103.220000,190.180000,17.720000,11.930000,95.960000,0,0,0
"({1, 3, 4, 5, 6, 7}, 11)",71.440000,14.440000,103.220000,190.180000,17.720000,11.930000,0,0,0,0
"({1, 3, 4, 5, 6, 7}, 10)",71.440000,14.440000,103.220000,190.180000,17.720000,11.930000,0,0,0,0
"({1, 3, 4, 5, 6, 7}, 9)",71.440000,14.440000,103.220000,190.180000,0,0,0,0,0,0
"({1, 3, 4, 5, 6, 7}, 8)",71.440000,14.440000,103.220000,190.180000,0,0,0,0,0,0
"({1, 3, 4, 5, 6, 7}, 7)",71.440000,14.440000,103.220000,0,0,0,0,0,0,0
"({1, 3, 4, 5, 6, 7}, 6)",71.440000,14.440000,0,0,0,0,0,0,0,0
"({1, 3, 4, 5, 6, 7}, 5)",71.440000,14.440000,0,0,0,0,0,0,0,0
"({1, 2, 4, 5, 6, 7}, 20)",67.700000,193.310000,39.420000,805.950000,14.390000,15.970000,579.380000,19.920000,128.310000,17.040000
"({1, 2, 4, 5, 6, 7}, 19)",67.700000,193.310000,39.420000,805.950000,14.390000,15.970000,579.380000,19.920000,128.310000,17.040000
"({1, 2, 4, 5, 6, 7}, 18)",67.700000,193.310000,39.420000,805.950000,14.390000,15.970000,579.380000,19.920000,128.310000,17.040000
"({1, 2, 4, 5, 6, 7}, 17)",67.700000,193.310000,39.420000,805.950000,14.390000,15.970000,579.380000,19.920000,128.310000,17.040000
"({1, 2, 4, 5, 6, 7}, 16)",67.700000,193.310000,39.420000,805.950000,14.390000,15.970000,579.380000,19.920000,128.310000,17.040000
"({1, 2, 4, 5, 6, 7}, 15)",67.700000,193.310000,39.420000,805.950000,14.390000,15.970000,579.380000,19.920000,128.310000,17.040000
"({1, 2, 4, 5, 6, 7}, 14)",67.700000,193.310000,39.420000,805.950000,14.390000,15.970000,579.380000,19.920000,0,0
"({1, 2, 4, 5, 6, 7}, 13)",67.700000,193.310000,39.420000,805.950000,14.390000,15.970000,579.380000,0,0,0
"({1, 2, 4, 5, 6, 7}, 12)",67.700000,193.310000,39.420000,805.950000,14.390000,15.970000,579.380000,0,0,0
"({1, 2, 4, 5, 6, 7}, 11)",67.700000,193.310000,39.420000,805.950000,14.390000,15.970000,0,0,0,0
"({1, 2, 4, 5, 6, 7}, 10)",67.700000,193.310000,39.420000,805.950000,14.390000,15.970000,0,0,0,0
"({1, 2, 4, 5, 6, 7}, 9)",67.700000,193.310000,39.420000,805.950000,0,0,0,0,0,0
"({1, 2, 4, 5, 6, 7}, 8)",67.700000,193.310000,39.420000,805.950000,0,0,0,0,0,0
"({1, 2, 4, 5, 6, 7}, 7)",67.700000,193.310000,39.420000,0,0,0,0,0,0,0
"({1, 2, 4, 5, 6, 7}, 6)",67.700000,193.310000,0,0,0,0,0,0,0,0
"({1, 2, 4, 5, 6, 7}, 5)",67.700000,193.310000,0,0,0,0,0,0,0,0
"({1, 2, 3, 5, 6, 7}, 20)",57.020000,12.230000,30.700000,362.520000,11.390000,12.640000,17.480000,14.610000,12.770000,16.130000
"({1, 2, 3, 5, 6, 7}, 19)",57.020000,12.230000,30.700000,362.520000,11.390000,12.640000,17.480000,14.610000,12.770000,16.130000
"({1, 2, 3, 5, 6, 7}, 18)",57.020000,12.230000,30.700000,362.520000,11.390000,12.640000,17.480000,14.610000,12.770000,16.130000
"({1, 2, 3, 5, 6, 7}, 17)",57.020000,12.230000,30.700000,362.520000,11.390000,12.640000,17.480000,14.610000,12.770000,16.130000
"({1, 2, 3, 5, 6, 7}, 16)",57.020000,12.230000,30.700000,362.520000,11.390000,12.640000,17.480000,14.610000,12.770000,16.130000
"({1, 2, 3, 5, 6, 7}, 15)",57.020000,12.230000,30.700000,362.520000,11.390000,12.640000,17.480000,14.610000,12.770000,16.130000
"({1, 2, 3, 5, 6, 7}, 14)",57.020000,12.230000,30.700000,362.520000,11.390000,12.640000,17.480000,14.610000,0,0
"({1, 2, 3, 5, 6, 7}, 13)",57.020000,12.230000,30.700000,362.520000,11.390000,12.640000,17.480000,0,0,0
"({1, 2, 3, 5, 6, 7}, 12)",57.020000,12.230000,30.700000,362.520000,11.390000,12.640000,17.480000,0,0,0
"({1, 2, 3, 5, 6, 7}, 11)",57.020000,12.230000,30.700000,362.520000,11.390000,12.640000,0,0,0,0
"({1, 2, 3, 5, 6, 7}, 10)",57.020000,12.230000,30.700000,362.520000,11.390000,12.640000,0,0,0,0
"({1, 2, 3, 5, 6, 7}, 9)",57.020000,12.230000,30.700000,362.520000,0,0,0,0,0,0
"({1, 2, 3, 5, 6, 7}, 8)",57.020000,12.230000,30.700000,362.520000,0,0,0,0,0,0
"({1, 2, 3, 5, 6, 7}, 7)",57.020000,12.230000,30.700000,0,0,0,0,0,0,0
"({1, 2, 3, 5, 6, 7}, 6)",57.020000,12.230000,0,0,0,0,0,0,0,0
"({1, 2, 3, 5, 6, 7}, 5)",57.020000,12.230000,0,0,0,0,0,0,0,0
"({1, 2, 3, 4, 6, 7}, 20)",71.740000,13.630000,36.920000,777.530000,12.030000,10.910000,17.960000,17.500000,13.130000,17.390000
"({1, 2, 3, 4, 6, 7}, 19)",71.740000,13.630000,36.920000,777.530000,12.030000,10.910000,17.960000,17.500000,13.130000,17.390000
"({1, 2, 3, 4, 6, 7}, 18)",71.740000,13.630000,36.920000,777.530000,12.030000,10.910000,17.960000,17.500000,13.130000,17.390000
"({1, 2, 3, 4, 6, 7}, 17)",71.740000,13.630000,36.920000,777.530000,12.030000,10.910000,17.960000,17.500000,13.130000,17.390000
"({1, 2, 3, 4, 6, 7}, 16)",71.740000,13.630000,36.920000,777.530000,12.030000,10.910000,17.960000,17.500000,13.130000,17.390000
"({1, 2, 3, 4, 6, 7}, 15)",71.740000,13.630000,36.920000,777.530000,12.030000,10.910000,17.960000,17.500000,13.130000,17.390000
"({1, 2, 3, 4, 6, 7}, 14)",71.740000,13.630000,36.920000,777.530000,12.030000,10.910000,17.960000,17.500000,0,0
"({1, 2, 3, 4, 6, 7}, 13)",71.740000,13.630000,36.920000,777.530000,12.030000,10.910000,17.960000,0,0,0
"({1, 2, 3, 4, 6, 7}, 12)",71.740000,13.630000,36.920000,777.530000,12.030000,10.910000,17.960000,0,0,0
"({1, 2, 3, 4, 6, 7}, 11)",71.740000,13.630000,36.920000,777.530000,12.030000,10.910000,0,0,0,0
"({1, 2, 3, 4, 6, 7}, 10)",71.740000,13.630000,36.920000,777.530000,12.030000,10.910000,0,0,0,0
"({1, 2, 3, 4, 6, 7}, 9)",71.740000,13.630000,36.920000,777.530000,0,0,0,0,0,0
"({1, 2, 3, 4, 6, 7}, 8)",71.740000,13.630000,36.920000,777.530000,0,0,0,0,0,0
"({1, 2, 3, 4, 6, 7}, 7)",71.740000,13.630000,36.920000,0,0,0,0,0,0,0
"({1, 2, 3, 4, 6, 7}, 6)",71.740000,13.630000,0,0,0,0,0,0,0,0
"({1, 2, 3, 4, 6, 7}, 5)",71.740000,13.630000,0,0,0,0,0,0,0,0
"({1, 2, 3, 4, 5, 7}, 20)",15.730000,9.860000,14.420000,102.480000,10.630000,11.030000,17.370000,14.260000,13.700000,19.200000
"({1, 2, 3, 4, 5, 7}, 19)",15.730000,9.860000,14.420000,102.480000,10.630000,11.030000,17.370000,14.260000,13.700000,19.200000
"({1, 2, 3, 4, 5, 7}, 18)",15.730000,9.860000,14.420000,102.480000,10.630000,11.030000,17.370000,14.260000,13.700000,19.200000
"({1, 2, 3, 4, 5, 7}, 17)",15.730000,9.860000,14.420000,102.480000,10.630000,11.030000,17.370000,14.260000,13.700000,19.200000
"({1, 2, 3, 4, 5, 7}, 16)",15.730000,9.860000,14.420000,102.480000,10.630000,11.030000,17.370000,14.260000,13.700000,19.200000
"({1, 2, 3, 4, 5, 7}, 15)",15.730000,9.860000,14.420000,102.480000,10.630000,11.030000,17.370000,14.260000,13.700000,19.200000
"({1, 2, 3, 4, 5, 7}, 14)",15.730000,9.860000,14.420000,102.480000,10.630000,11.030000,17.370000,14.260000,0,0
"({1, 2, 3, 4, 5, 7}, 13)",15.730000,9.860000,14.420000,102.480000,10.630000,11.030000,17.370000,0,0,0
"({1, 2, 3, 4, 5, 7}, 12)",15.730000,9.860000,14.420000,102.480000,10.630000,11.030000,17.370000,0,0,0
"({1, 2, 3, 4, 5, 7}, 11)",15.730000,9.860000,14.420000,102.480000,10.630000,11.030000,0,0,0,0
"({1, 2, 3, 4, 5, 7}, 10)",15.730000,9.860000,14.420000,102.480000,10.630000,11.030000,0,0,0,0
"({1, 2, 3, 4, 5, 7}, 9)",15.730000,9.860000,14.420000,102.480000,0,0,0,0,0,0
"({1, 2, 3, 4, 5, 7}, 8)",15.730000,9.860000,14.420000,102.480000,0,0,0,0,0,0
"({1, 2, 3, 4, 5, 7}, 7)",15.730000,9.860000,14.420000,0,0,0,0,0,0,0
"({1, 2, 3, 4, 5, 7}, 6)",15.730000,9.860000,0,0,0,0,0,0,0,0
"({1, 2, 3, 4, 5, 7}, 5)",15.730000,9.860000,0,0,0,0,0,0,0,0
"({1, 2, 3, 4, 5, 6}, 20)",813.910000,466.120000,43.620000,240.680000,14.220000,11.830000,42.460000,276.590000,24.490000,22.500000
"({1, 2, 3, 4, 5, 6}, 19)",813.910000,466.120000,43.620000,240.680000,14.220000,11.830000,42.460000,276.590000,24.490000,22.500000
"({1, 2, 3, 4, 5, 6}, 18)",813.910000,466.120000,43.620000,240.680000,14.220000,11.830000,42.460000,276.590000,24.490000,22.500000
"({1, 2, 3, 4, 5, 6}, 17)",813.910000,466.120000,43.620000,240.680000,14.220000,11.830000,42.460000,276.590000,24.490000,22.500000
"({1, 2, 3, 4, 5, 6}, 16)",813.910000,466.120000,43.620000,240.680000,14.220000,11.830000,42.460000,276.590000,24.490000,22.500000
"({1, 2, 3, 4, 5, 6}, 15)",813.910000,466.120000,43.620000,240.680000,14.220000,11.830000,42.460000,276.590000,24.490000,22.500000
"({1, 2, 3, 4, 5, 6}, 14)",813.910000,466.120000,43.620000,240.680000,14.220000,11.830000,42.460000,276.590000,0,0
"({1, 2, 3, 4, 5, 6}, 13)",813.910000,466.120000,43.620000,240.680000,14.220000,11.830000,42.460000,0,0,0
"({1, 2, 3, 4, 5, 6}, 12)",813.910000,466.120000,43.620000,240.680000,14.220000,11.830000,42.460000,0,0,0
"({1, 2, 3, 4, 5, 6}, 11)",813.910000,466.120000,43.620000,240.680000,14.220000,11.830000,0,0,0,0
"({1, 2, 3, 4, 5, 6}, 10)",813.910000,466.120000,43.620000,240.680000,14.220000,11.830000,0,0,0,0
"({1, 2, 3, 4, 5, 6}, 9)",813.910000,466.120000,43.620000,240.680000,0,0,0,0,0,0
"({1, 2, 3, 4, 5, 6}, 8)",813.910000,466.120000,43.620000,240.680000,0,0,0,0,0,0
"({1, 2, 3, 4, 5, 6}, 7)",813.910000,466.120000,43.620000,0,0,0,0,0,0,0
"({1, 2, 3, 4, 5, 6}, 6)",813.910000,466.120000,0,0,0,0,0,0,0,0
"({1, 2, 3, 4, 5, 6}, 5)",813.910000,466.120000,0,0,0,0,0,0,0,0
"({1, 4, 5, 6, 7}, 20)",61.060000,72.960000,83.960000,208.950000,24.330000,20.290000,206.120000,178.170000,80.610000,29.800000
"({1, 4, 5, 6, 7}, 19)",61.060000,72.960000,83.960000,208.950000,24.330000,20.290000,206.120000,178.170000,80.610000,29.800000
"({1, 4, 5, 6, 7}, 18)",61.060000,72.960000,83.960000,208.950000,24.330000,20.290000,206.120000,178.170000,80.610000,29.800000
"({1, 4, 5, 6, 7}, 17)",61.060000,72.960000,83.960000,208.950000,24.330000,20.290000,206.120000,178.170000,80.610000,29.800000
"({1, 4, 5, 6, 7}, 16)",61.060000,72.960000,83.960000,208.950000,24.330000,20.290000,206.120000,178.170000,80.610000,29.800000
"({1, 4, 5, 6, 7}, 15)",61.060000,72.960000,83.960000,208.950000,24.330000,20.290000,206.120000,178.170000,80.610000,29.800000
"({1, 4, 5, 6, 7}, 14)",61.060000,72.960000,83.960000,208.950000,24.330000,20.290000,206.120000,178.170000,0,0
"({1, 4, 5, 6, 7}, 13)",61.060000,72.960000,83.960000,208.950000,24.330000,20.290000,206.120000,0,0,0
"({1, 4, 5, 6, 7}, 12)",61.060000,72.960000,83.960000,208.950000,24.330000,20.290000,206.120000,0,0,0
"({1, 4, 5, 6, 7}, 11)",61.060000,72.960000,83.960000,208.950000,24.330000,20.290000,0,0,0,0
"({1, 4, 5, 6, 7}, 10)",61.060000,72.960000,83.960000,208.950000,24.330000,20.290000,0,0,0,0
"({1, 4, 5, 6, 7}, 9)",61.060000,72.960000,83.960000,208.950000,0,0,0,0,0,0
"({1, 4, 5, 6, 7}, 8)",61.060000,72.960000,83.960000,208.950000,0,0,0,0,0,0
"({1, 4, 5, 6, 7}, 7)",61.060000,72.960000,83.960000,0,0,0,0,0,0,0
"({1, 4, 5, 6, 7}, 6)",61.060000,72.960000,0,0,0,0,0,0,0,0
"({1, 4, 5, 6, 7}, 5)",61.060000,72.960000,0,0,0,0,0,0,0,0
"({1, 3, 5, 6, 7}, 20)",45.080000,10.120000,58.400000,52.650000,20.690000,22.170000,52.420000,66.240000,18.680000,27.160000
"({1, 3, 5, 6, 7}, 19)",45.080000,10.120000,58.400000,52.650000,20.690000,22.170000,52.420000,66.240000,18.680000,27.160000
"({1, 3, 5, 6, 7}, 18)",45.080000,10.120000,58.400000,52.650000,20.690000,22.170000,52.420000,66.240000,18.680000,27.160000
"({1, 3, 5, 6, 7}, 17)",45.080000,10.120000,58.400000,52.650000,20.690000,22.170000,52.420000,66.240000,18.680000,27.160000
"({1, 3, 5, 6, 7}, 16)",45.080000,10.120000,58.400000,52.650000,20.690000,22.170000,52.420000,66.240000,18.680000,27.160000
"({1, 3, 5, 6, 7}, 15)",45.080000,10.120000,58.400000,52.650000,20.690000,22.170000,52.420000,66.240000,18.680000,27.160000
"({1, 3, 5, 6, 7}, 14)",45.080000,10.120000,58.400000,52.650000,20.690000,22.170000,52.420000,66.240000,0,0
"({1, 3, 5, 6, 7}, 13)",45.080000,10.120000,58.400000,52.650000,20.690000,22.170000,52.420000,0,0,0
"({1, 3, 5, 6, 7}, 12)",45.080000,10.120000,58.400000,52.650000,20.690000,22.170000,52.420000,0,0,0
"({1, 3, 5, 6, 7}, 11)",45.080000,10.120000,58.400000,52.650000,20.690000,22.170000,0,0,0,0
"({1, 3, 5, 6, 7}, 10)",45.080000,10.120000,58.400000,52.650000,20.690000,22.170000,0,0,0,0
"({1, 3, 5, 6, 7}, 9)",45.080000,10.120000,58.400000,52.650000,0,0,0,0,0,0
"({1, 3, 5, 6, 7}, 8)",45.080000,10.120000,58.400000,52.650000,0,0,0,0,0,0
"({1, 3, 5, 6, 7}, 7)",45.080000,10.120000,58.400000,0,0,0,0,0,0,0
"({1, 3, 5, 6, 7}, 6)",45.080000,10.120000,0,0,0,0,0,0,0,0
"({1, 3, 5, 6, 7}, 5)",45.080000,10.120000,0,0,0,0,0,0,0,0
"({1, 3, 4, 6, 7}, 20)",316.680000,11.830000,365.700000,165.090000,120.160000,26.100000,54.830000,140.960000,23.430000,29.620000
"({1, 3, 4, 6, 7}, 19)",316.680000,11.830000,365.700000,165.090000,120.160000,26.100000,54.830000,140.960000,23.430000,29.620000
"({1, 3, 4, 6, 7}, 18)",316.680000,11.830000,365.700000,165.090000,120.160000,26.100000,54.830000,140.960000,23.430000,29.620000
"({1, 3, 4, 6, 7}, 17)",316.680000,11.830000,365.700000,165.090000,120.160000,26.100000,54.830000,140.960000,23.430000,29.620000
"({1, 3, 4, 6, 7}, 16)",316.680000,11.830000,365.700000,165.090000,120.160000,26.100000,54.830000,140.960000,23.430000,29.620000
"({1, 3, 4, 6, 7}, 15)",316.680000,11.830000,365.700000,165.090000,120.160000,26.100000,54.830000,140.960000,23.430000,29.620000
"({1, 3, 4, 6, 7}, 14)",316.680000,11.830000,365.700000,165.090000,120.160000,26.100000,54.830000,140.960000,0,0
"({1, 3, 4, 6, 7}, 13)",316.680000,11.830000,365.700000,165.090000,120.160000,26.100000,54.830000,0,0,0
"({1, 3, 4, 6, 7}, 12)",316.680000,11.830000,365.700000,165.090000,120.160000,26.100000,54.830000,0,0,0
"({1, 3, 4, 6, 7}, 11)",316.680000,11.830000,365.700000,165.090000,120.160000,26.100000,0,0,0,0
"({1, 3, 4, 6, 7}, 10)",316.680000,11.830000,365.700000,165.090000,120.160000,26.100000,0,0,0,0
"({1, 3, 4, 6, 7}, 9)",316.680000,11.830000,365.700000,165.090000,0,0,0,0,0,0
"({1, 3, 4, 6, 7}, 8)",316.680000,11.830000,365.700000,165.090000,0,0,0,0,0,0
"({1, 3, 4, 6, 7}, 7)",316.680000,11.830000,365.700000,0,0,0,0,0,0,0
"({1, 3, 4, 6, 7}, 6)",316.680000,11.830000,0,0,0,0,0,0,0,0
"({1, 3, 4, 6, 7}, 5)",316.680000,11.830000,0,0,0,0,0,0,0,0
"({1, 3, 4, 5, 7}, 20)",12.270000,8.130000,25.540000,47.920000,12.180000,13.980000,42.870000,45.630000,15.990000,19.400000
"({1, 3, 4, 5, 7}, 19)",12.270000,8.130000,25.540000,47.920000,12.180000,13.980000,42.870000,45.630000,15.990000,19.400000
"({1, 3, 4, 5, 7}, 18)",12.270000,8.130000,25.540000,47.920000,12.180000,13.980000,42.870000,45.630000,15.990000,19.400000
"({1, 3, 4, 5, 7}, 17)",12.270000,8.130000,25.540000,47.920000,12.180000,13.980000,42.870000,45.630000,15.990000,19.400000
"({1, 3, 4, 5, 7}, 16)",12.270000,8.130000,25.540000,47.920000,12.180000,13.980000,42.870000,45.630000,15.990000,19.400000
"({1, 3, 4, 5, 7}, 15)",12.270000,8.130000,25.540000,47.920000,12.180000,13.980000,42.870000,45.630000,15.990000,19.400000
"({1, 3, 4, 5, 7}, 14)",12.270000,8.130000,25.540000,47.920000,12.180000,13.980000,42.870000,45.630000,0,0
"({1, 3, 4, 5, 7}, 13)",12.270000,8.130000,25.540000,47.920000,12.180000,13.980000,42.870000,0,0,0
"({1, 3, 4, 5, 7}, 12)",12.270000,8.130000,25.540000,47.920000,12.180000,13.980000,42.870000,0,0,0
"({1, 3, 4, 5, 7}, 11)",12.270000,8.130000,25.540000,47.920000,12.180000,13.980000,0,0,0,0
"({1, 3, 4, 5, 7}, 10)",12.270000,8.130000,25.540000,47.920000,12.180000,13.980000,0,0,0,0
"({1, 3, 4, 5, 7}, 9)",12.270000,8.130000,25.540000,47.920000,0,0,0,0,0,0
"({1, 3, 4, 5, 7}, 8)",12.270000,8.130000,25.540000,47.920000,0,0,0,0,0,0
"({1, 3, 4, 5, 7}, 7)",12.270000,8.130000,25.540000,0,0,0,0,0,0,0
"({1, 3, 4, 5, 7}, 6)",12.270000,8.130000,0,0,0,0,0,0,0,0
"({1, 3, 4, 5, 7}, 5)",12.270000,8.130000,0,0,0,0,0,0,0,0
"({1, 3, 4, 5, 6}, 20)",977.280000,66.940000,51.730000,1363.610000,16.640000,13.920000,88.500000,821.300000,257.870000,149.040000
"({1, 3, 4, 5, 6}, 19)",977.280000,66.940000,51.730000,1363.610000,16.640000,13.920000,88.500000,821.300000,257.870000,149.040000
"({1, 3, 4, 5, 6}, 18)",977.280000,66.940000,51.730000,1363.610000,16.640000,13.920000,88.500000,821.300000,257.870000,149.040000
"({1, 3, 4, 5, 6}, 17)",977.280000,66.940000,51.730000,1363.610000,16.640000,13.920000,88.500000,821.300000,257.870000,149.040000
"({1, 3, 4, 5, 6}, 16)",977.280000,66.940000,51.730000,1363.610000,16.640000,13.920000,88.500000,821.300000,257.870000,149.040000
"({1, 3, 4, 5, 6}, 15)",977.280000,66.940000,51.730000,1363.610000,16.640000,13.920000,88.500000,821.300000,257.870000,149.040000
"({1, 3, 4, 5, 6}, 14)",977.280000,66.940000,51.730000,1363.610000,16.640000,13.920000,88.500000,821.300000,0,0
"({1, 3, 4, 5, 6}, 13)",977.280000,66.940000,51.730000,1363.610000,16.640000,13.920000,88.500000,0,0,0
"({1, 3, 4, 5, 6}, 12)",977.280000,66.940000,51.730000,1363.610000,16.640000,13.920000,88.500000,0,0,0
"({1, 3, 4, 5, 6}, 11)",977.280000,66.940000,51.730000,1363.610000,16.640000,13.920000,0,0,0,0
"({1, 3, 4, 5, 6}, 10)",977.280000,66.940000,51.730000,1363.610000,16.640000,13.920000,0,0,0,0
"({1, 3, 4, 5, 6}, 9)",977.280000,66.940000,51.730000,1363.610000,0,0,0,0,0,0
"({1, 3, 4, 5, 6}, 8)",977.280000,66.940000,51.730000,1363.610000,0,0,0,0,0,0
"({1, 3, 4, 5, 6}, 7)",977.280000,66.940000,51.730000,0,0,0,0,0,0,0
"({1, 3, 4, 5, 6}, 6)",977.280000,66.940000,0,0,0,0,0,0,0,0
"({1, 3, 4, 5, 6}, 5)",977.280000,66.940000,0,0,0,0,0,0,0,0
"({1, 2, 5, 6, 7}, 20)",60.180000,203.130000,132.140000,325.320000,14.240000,181.750000,139.370000,17.710000,54.700000,31.320000
"({1, 2, 5, 6, 7}, 19)",60.180000,203.130000,132.140000,325.320000,14.240000,181.750000,139.370000,17.710000,54.700000,31.320000
"({1, 2, 5, 6, 7}, 18)",60.180000,203.130000,132.140000,325.320000,14.240000,181.750000,139.370000,17.710000,54.700000,31.320000
"({1, 2, 5, 6, 7}, 17)",60.180000,203.130000,132.140000,325.320000,14.240000,181.750000,139.370000,17.710000,54.700000,31.320000
"({1, 2, 5, 6, 7}, 16)",60.180000,203.130000,132.140000,325.320000,14.240000,181.750000,139.370000,17.710000,54.700000,31.320000
"({1, 2, 5, 6, 7}, 15)",60.180000,203.130000,132.140000,325.320000,14.240000,181.750000,139.370000,17.710000,54.700000,31.320000
"({1, 2, 5, 6, 7}, 14)",60.180000,203.130000,132.140000,325.320000,14.240000,181.750000,139.370000,17.710000,0,0
"({1, 2, 5, 6, 7}, 13)",60.180000,203.130000,132.140000,325.320000,14.240000,181.750000,139.370000,0,0,0
"({1, 2, 5, 6, 7}, 12)",60.180000,203.130000,132.140000,325.320000,14.240000,181.750000,139.370000,0,0,0
"({1, 2, 5, 6, 7}, 11)",60.180000,203.130000,132.140000,325.320000,14.240000,181.750000,0,0,0,0
"({1, 2, 5, 6, 7}, 10)",60.180000,203.130000,132.140000,325.320000,14.240000,181.750000,0,0,0,0
"({1, 2, 5, 6, 7}, 9)",60.180000,203.130000,132.140000,325.320000,0,0,0,0,0,0
"({1, 2, 5, 6, 7}, 8)",60.180000,203.130000,132.140000,325.320000,0,0,0,0,0,0
"({1, 2, 5, 6, 7}, 7)",60.180000,203.130000,132.140000,0,0,0,0,0,0,0
"({1, 2, 5, 6, 7}, 6)",60.180000,203.130000,0,0,0,0,0,0,0,0
"({1, 2, 5, 6, 7}, 5)",60.180000,203.130000,0,0,0,0,0,0,0,0
"({1, 2, 4, 6, 7}, 20)",65.820000,111.980000,33.680000,490.370000,18.870000,15.090000,556.610000,18.970000,132.380000,17.360000
"({1, 2, 4, 6, 7}, 19)",65.820000,111.980000,33.680000,490.370000,18.870000,15.090000,556.610000,18.970000,132.380000,17.360000
"({1, 2, 4, 6, 7}, 18)",65.820000,111.980000,33.680000,490.370000,18.870000,15.090000,556.610000,18.970000,132.380000,17.360000
"({1, 2, 4, 6, 7}, 17)",65.820000,111.980000,33.680000,490.370000,18.870000,15.090000,556.610000,18.970000,132.380000,17.360000
"({1, 2, 4, 6, 7}, 16)",65.820000,111.980000,33.680000,490.370000,18.870000,15.090000,556.610000,18.970000,132.380000,17.360000
"({1, 2, 4, 6, 7}, 15)",65.820000,111.980000,33.680000,490.370000,18.870000,15.090000,556.610000,18.970000,132.380000,17.360000
"({1, 2, 4, 6, 7}, 14)",65.820000,111.980000,33.680000,490.370000,18.870000,15.090000,556.610000,18.970000,0,0
"({1, 2, 4, 6, 7}, 13)",65.820000,111.980000,33.680000,490.370000,18.870000,15.090000,556.610000,0,0,0
"({1, 2, 4, 6, 7}, 12)",65.820000,111.980000,33.680000,490.370000,18.870000,15.090000,556.610000,0,0,0
"({1, 2, 4, 6, 7}, 11)",65.820000,111.980000,33.680000,490.370000,18.870000,15.090000,0,0,0,0
"({1, 2, 4, 6, 7}, 10)",65.820000,111.980000,33.680000,490.370000,18.870000,15.090000,0,0,0,0
"({1, 2, 4, 6, 7}, 9)",65.820000,111.980000,33.680000,490.370000,0,0,0,0,0,0
"({1, 2, 4, 6, 7}, 8)",65.820000,111.980000,33.680000,490.370000,0,0,0,0,0,0
"({1, 2, 4, 6, 7}, 7)",65.820000,111.980000,33.680000,0,0,0,0,0,0,0
"({1, 2, 4, 6, 7}, 6)",65.820000,111.980000,0,0,0,0,0,0,0,0
"({1, 2, 4, 6, 7}, 5)",65.820000,111.980000,0,0,0,0,0,0,0,0
"({1, 2, 4, 5, 7}, 20)",13.770000,76.210000,15.270000,91.160000,13.730000,12.410000,211.240000,17.670000,103.820000,16.250000
"({1, 2, 4, 5, 7}, 19)",13.770000,76.210000,15.270000,91.160000,13.730000,12.410000,211.240000,17.670000,103.820000,16.250000
"({1, 2, 4, 5, 7}, 18)",13.770000,76.210000,15.270000,91.160000,13.730000,12.410000,211.240000,17.670000,103.820000,16.250000
"({1, 2, 4, 5, 7}, 17)",13.770000,76.210000,15.270000,91.160000,13.730000,12.410000,211.240000,17.670000,103.820000,16.250000
"({1, 2, 4, 5, 7}, 16)",13.770000,76.210000,15.270000,91.160000,13.730000,12.410000,211.240000,17.670000,103.820000,16.250000
"({1, 2, 4, 5, 7}, 15)",13.770000,76.210000,15.270000,91.160000,13.730000,12.410000,211.240000,17.670000,103.820000,16.250000
"({1, 2, 4, 5, 7}, 14)",13.770000,76.210000,15.270000,91.160000,13.730000,12.410000,211.240000,17.670000,0,0
"({1, 2, 4, 5, 7}, 13)",13.770000,76.210000,15.270000,91.160000,13.730000,12.410000,211.240000,0,0,0
"({1, 2, 4, 5, 7}, 12)",13.770000,76.210000,15.270000,91.160000,13.730000,12.410000,211.240000,0,0,0
"({1, 2, 4, 5, 7}, 11)",13.770000,76.210000,15.270000,91.160000,13.730000,12.410000,0,0,0,0
"({1, 2, 4, 5, 7}, 10)",13.770000,76.210000,15.270000,91.160000,13.730000,12.410000,0,0,0,0
"({1, 2, 4, 5, 7}, 9)",13.770000,76.210000,15.270000,91.160000,0,0,0,0,0,0
"({1, 2, 4, 5, 7}, 8)",13.770000,76.210000,15.270000,91.160000,0,0,0,0,0,0
"({1, 2, 4, 5, 7}, 7)",13.770000,76.210000,15.270000,0,0,0,0,0,0,0
"({1, 2, 4, 5, 7}, 6)",13.770000,76.210000,0,0,0,0,0,0,0,0
"({1, 2, 4, 5, 7}, 5)",13.770000,76.210000,0,0,0,0,0,0,0,0
"({1, 2, 4, 5, 6}, 20)",795.730000,341.520000,33.060000,219.860000,14.250000,14.900000,267.070000,196.630000,65.390000,492.560000
"({1, 2, 4, 5, 6}, 19)",795.730000,341.520000,33.060000,219.860000,14.250000,14.900000,267.070000,196.630000,65.390000,492.560000
"({1, 2, 4, 5, 6}, 18)",795.730000,341.520000,33.060000,219.860000,14.250000,14.900000,267.070000,196.630000,65.390000,492.560000
"({1, 2, 4, 5, 6}, 17)",795.730000,341.520000,33.060000,219.860000,14.250000,14.900000,267.070000,196.630000,65.390000,492.560000
"({1, 2, 4, 5, 6}, 16)",795.730000,341.520000,33.060000,219.860000,14.250000,14.900000,267.070000,196.630000,65.390000,492.560000
"({1, 2, 4, 5, 6}, 15)",795.730000,341.520000,33.060000,219.860000,14.250000,14.900000,267.070000,196.630000,65.390000,492.560000
"({1, 2, 4, 5, 6}, 14)",795.730000,341.520000,33.060000,219.860000,14.250000,14.900000,267.070000,196.630000,0,0
"({1, 2, 4, 5, 6}, 13)",795.730000,341.520000,33.060000,219.860000,14.250000,14.900000,267.070000,0,0,0
"({1, 2, 4, 5, 6}, 12)",795.730000,341.520000,33.060000,219.860000,14.250000,14.900000,267.070000,0,0,0
"({1, 2, 4, 5, 6}, 11)",795.730000,341.520000,33.060000,219.860000,14.250000,14.900000,0,0,0,0
"({1, 2, 4, 5, 6}, 10)",795.730000,341.520000,33.060000,219.860000,14.250000,14.900000,0,0,0,0
"({1, 2, 4, 5, 6}, 9)",795.730000,341.520000,33.060000,219.860000,0,0,0,0,0,0
"({1, 2, 4, 5, 6}, 8)",795.730000,341.520000,33.060000,219.860000,0,0,0,0,0,0
"({1, 2, 4, 5, 6}, 7)",795.730000,341.520000,33.060000,0,0,0,0,0,0,0
"({1, 2, 4, 5, 6}, 6)",795.730000,341.520000,0,0,0,0,0,0,0,0
"({1, 2, 4, 5, 6}, 5)",795.730000,341.520000,0,0,0,0,0,0,0,0
"({1, 2, 3, 6, 7}, 20)",48.630000,10.860000,25.730000,286.160000,13.950000,12.730000,14.180000,18.540000,14.120000,17.050000
"({1, 2, 3, 6, 7}, 19)",48.630000,10.860000,25.730000,286.160000,13.950000,12.730000,14.180000,18.540000,14.120000,17.050000
"({1, 2, 3, 6, 7}, 18)",48.630000,10.860000,25.730000,286.160000,13.950000,12.730000,14.180000,18.540000,14.120000,17.050000
"({1, 2, 3, 6, 7}, 17)",48.630000,10.860000,25.730000,286.160000,13.950000,12.730000,14.180000,18.540000,14.120000,17.050000
"({1, 2, 3, 6, 7}, 16)",48.630000,10.860000,25.730000,286.160000,13.950000,12.730000,14.180000,18.540000,14.120000,17.050000
"({1, 2, 3, 6, 7}, 15)",48.630000,10.860000,25.730000,286.160000,13.950000,12.730000,14.180000,18.540000,14.120000,17.050000
"({1, 2, 3, 6, 7}, 14)",48.630000,10.860000,25.730000,286.160000,13.950000,12.730000,14.180000,18.540000,0,0
"({1, 2, 3, 6, 7}, 13)",48.630000,10.860000,25.730000,286.160000,13.950000,12.730000,14.180000,0,0,0
"({1, 2, 3, 6, 7}, 12)",48.630000,10.860000,25.730000,286.160000,13.950000,12.730000,14.180000,0,0,0
"({1, 2, 3, 6, 7}, 11)",48.630000,10.860000,25.730000,286.160000,13.950000,12.730000,0,0,0,0
"({1, 2, 3, 6, 7}, 10)",48.630000,10.860000,25.730000,286.160000,13.950000,12.730000,0,0,0,0
"({1, 2, 3, 6, 7}, 9)",48.630000,10.860000,25.730000,286.160000,0,0,0,0,0,0
"({1, 2, 3, 6, 7}, 8)",48.630000,10.860000,25.730000,286.160000,0,0,0,0,0,0
"({1, 2, 3, 6, 7}, 7)",48.630000,10.860000,25.730000,0,0,0,0,0,0,0
"({1, 2, 3, 6, 7}, 6)",48.630000,10.860000,0,0,0,0,0,0,0,0
"({1, 2, 3, 6, 7}, 5)",48.630000,10.860000,0,0,0,0,0,0,0,0
"({1, 2, 3, 5, 7}, 20)",11.460000,8.810000,12.900000,61.120000,12.610000,10.020000,15.630000,14.570000,12.060000,16.620000
"({1, 2, 3, 5, 7}, 19)",11.460000,8.810000,12.900000,61.120000,12.610000,10.020000,15.630000,14.570000,12.060000,16.620000
"({1, 2, 3, 5, 7}, 18)",11.460000,8.810000,12.900000,61.120000,12.610000,10.020000,15.630000,14.570000,12.060000,16.620000
"({1, 2, 3, 5, 7}, 17)",11.460000,8.810000,12.900000,61.120000,12.610000,10.020000,15.630000,14.570000,12.060000,16.620000
"({1, 2, 3, 5, 7}, 16)",11.460000,8.810000,12.900000,61.120000,12.610000,10.020000,15.630000,14.570000,12.060000,16.620000
"({1, 2, 3, 5, 7}, 15)",11.460000,8.810000,12.900000,61.120000,12.610000,10.020000,15.630000,14.570000,12.060000,16.620000
"({1, 2, 3, 5, 7}, 14)",11.460000,8.810000,12.900000,61.120000,12.610000,10.020000,15.630000,14.570000,0,0
"({1, 2, 3, 5, 7}, 13)",11.460000,8.810000,12.900000,61.120000,12.610000,10.020000,15.630000,0,0,0
"({1, 2, 3, 5, 7}, 12)",11.460000,8.810000,12.900000,61.120000,12.610000,10.020000,15.630000,0,0,0
"({1, 2, 3, 5, 7}, 11)",11.460000,8.810000,12.900000,61.120000,12.610000,10.020000,0,0,0,0
"({1, 2, 3, 5, 7}, 10)",11.460000,8.810000,12.900000,61.120000,12.610000,10.020000,0,0,0,0
"({1, 2, 3, 5, 7}, 9)",11.460000,8.810000,12.900000,61.120000,0,0,0,0,0,0
"({1, 2, 3, 5, 7}, 8)",11.460000,8.810000,12.900000,61.120000,0,0,0,0,0,0
"({1, 2, 3, 5, 7}, 7)",11.460000,8.810000,12.900000,0,0,0,0,0,0,0
"({1, 2, 3, 5, 7}, 6)",11.460000,8.810000,0,0,0,0,0,0,0,0
"({1, 2, 3, 5, 7}, 5)",11.460000,8.810000,0,0,0,0,0,0,0,0
"({1, 2, 3, 5, 6}, 20)",166.100000,83.190000,20.460000,70.810000,16.580000,12.770000,32.820000,68.780000,17.870000,20.300000
"({1, 2, 3, 5, 6}, 19)",166.100000,83.190000,20.460000,70.810000,16.580000,12.770000,32.820000,68.780000,17.870000,20.300000
"({1, 2, 3, 5, 6}, 18)",166.100000,83.190000,20.460000,70.810000,16.580000,12.770000,32.820000,68.780000,17.870000,20.300000
"({1, 2, 3, 5, 6}, 17)",166.100000,83.190000,20.460000,70.810000,16.580000,12.770000,32.820000,68.780000,17.870000,20.300000
"({1, 2, 3, 5, 6}, 16)",166.100000,83.190000,20.460000,70.810000,16.580000,12.770000,32.820000,68.780000,17.870000,20.300000
"({1, 2, 3, 5, 6}, 15)",166.100000,83.190000,20.460000,70.810000,16.580000,12.770000,32.820000,68.780000,17.870000,20.300000
"({1, 2, 3, 5, 6}, 14)",166.100000,83.190000,20.460000,70.810000,16.580000,12.770000,32.820000,68.780000,0,0
"({1, 2, 3, 5, 6}, 13)",166.100000,83.190000,20.460000,70.810000,16.580000,12.770000,32.820000,0,0,0
"({1, 2, 3, 5, 6}, 12)",166.100000,83.190000,20.460000,70.810000,16.580000,12.770000,32.820000,0,0,0
"({1, 2, 3, 5, 6}, 11)",166.100000,83.190000,20.460000,70.810000,16.580000,12.770000,0,0,0,0
"({1, 2, 3, 5, 6}, 10)",166.100000,83.190000,20.460000,70.810000,16.580000,12.770000,0,0,0,0
"({1, 2, 3, 5, 6}, 9)",166.100000,83.190000,20.460000,70.810000,0,0,0,0,0,0
"({1, 2, 3, 5, 6}, 8)",166.100000,83.190000,20.460000,70.810000,0,0,0,0,0,0
"({1, 2, 3, 5, 6}, 7)",166.100000,83.190000,20.460000,0,0,0,0,0,0,0
"({1, 2, 3, 5, 6}, 6)",166.100000,83.190000,0,0,0,0,0,0,0,0
"({1, 2, 3, 5, 6}, 5)",166.100000,83.190000,0,0,0,0,0,0,0,0
"({1, 2, 3, 4, 7}, 20)",11.440000,10.120000,13.540000,76.050000,12.570000,14.460000,18.910000,13.650000,12.430000,18.010000
"({1, 2, 3, 4, 7}, 19)",11.440000,10.120000,13.540000,76.050000,12.570000,14.460000,18.910000,13.650000,12.430000,18.010000
"({1, 2, 3, 4, 7}, 18)",11.440000,10.120000,13.540000,76.050000,12.570000,14.460000,18.910000,13.650000,12.430000,18.010000
"({1, 2, 3, 4, 7}, 17)",11.440000,10.120000,13.540000,76.050000,12.570000,14.460000,18.910000,13.650000,12.430000,18.010000
"({1, 2, 3, 4, 7}, 16)",11.440000,10.120000,13.540000,76.050000,12.570000,14.460000,18.910000,13.650000,12.430000,18.010000
"({1, 2, 3, 4, 7}, 15)",11.440000,10.120000,13.540000,76.050000,12.570000,14.460000,18.910000,13.650000,12.430000,18.010000
"({1, 2, 3, 4, 7}, 14)",11.440000,10.120000,13.540000,76.050000,12.570000,14.460000,18.910000,13.650000,0,0
"({1, 2, 3, 4, 7}, 13)",11.440000,10.120000,13.540000,76.050000,12.570000,14.460000,18.910000,0,0,0
"({1, 2, 3, 4, 7}, 12)",11.440000,10.120000,13.540000,76.050000,12.570000,14.460000,18.910000,0,0,0
"({1, 2, 3, 4, 7}, 11)",11.440000,10.120000,13.540000,76.050000,12.570000,14.460000,0,0,0,0
"({1, 2, 3, 4, 7}, 10)",11.440000,10.120000,13.540000,76.050000,12.570000,14.460000,0,0,0,0
"({1, 2, 3, 4, 7}, 9)",11.440000,10.120000,13.540000,76.050000,0,0,0,0,0,0
"({1, 2, 3, 4, 7}, 8)",11.440000,10.120000,13.540000,76.050000,0,0,0,0,0,0
"({1, 2, 3, 4, 7}, 7)",11.440000,10.120000,13.540000,0,0,0,0,0,0,0
"({1, 2, 3, 4, 7}, 6)",11.440000,10.120000,0,0,0,0,0,0,0,0
"({1, 2, 3, 4, 7}, 5)",11.440000,10.120000,0,0,0,0,0,0,0,0
"({1, 2, 3, 4, 6}, 20)",771.120000,418.290000,28.780000,207.990000,18.080000,12.580000,36.040000,202.170000,24.370000,19.130000
"({1, 2, 3, 4, 6}, 19)",771.120000,418.290000,28.780000,207.990000,18.080000,12.580000,36.040000,202.170000,24.370000,19.130000
"({1, 2, 3, 4, 6}, 18)",771.120000,418.290000,28.780000,207.990000,18.080000,12.580000,36.040000,202.170000,24.370000,19.130000
"({1, 2, 3, 4, 6}, 17)",771.120000,418.290000,28.780000,207.990000,18.080000,12.580000,36.040000,202.170000,24.370000,19.130000
"({1, 2, 3, 4, 6}, 16)",771.120000,418.290000,28.780000,207.990000,18.080000,12.580000,36.040000,202.170000,24.370000,19.130000
"({1, 2, 3, 4, 6}, 15)",771.120000,418.290000,28.780000,207.990000,18.080000,12.580000,36.040000,202.170000,24.370000,19.130000
"({1, 2, 3, 4, 6}, 14)",771.120000,418.290000,28.780000,207.990000,18.080000,12.580000,36.040000,202.170000,0,0
"({1, 2, 3, 4, 6}, 13)",771.120000,418.290000,28.780000,207.990000,18.080000,12.580000,36.040000,0,0,0
"({1, 2, 3, 4, 6}, 12)",771.120000,418.290000,28.780000,207.990000,18.080000,12.580000,36.040000,0,0,0
"({1, 2, 3, 4, 6}, 11)",771.120000,418.290000,28.780000,207.990000,18.080000,12.580000,0,0,0,0
"({1, 2, 3, 4, 6}, 10)",771.120000,418.290000,28.780000,207.990000,18.080000,12.580000,0,0,0,0
"({1, 2, 3, 4, 6}, 9)",771.120000,418.290000,28.780000,207.990000,0,0,0,0,0,0
"({1, 2, 3, 4, 6}, 8)",771.120000,418.290000,28.780000,207.990000,0,0,0,0,0,0
"({1, 2, 3, 4, 6}, 7)",771.120000,418.290000,28.780000,0,0,0,0,0,0,0
"({1, 2, 3, 4, 6}, 6)",771.120000,418.290000,0,0,0,0,0,0,0,0
"({1, 2, 3, 4, 6}, 5)",771.120000,418.290000,0,0,0,0,0,0,0,0
"({1, 2, 3, 4, 5}, 20)",165.290000,90.290000,15.730000,74.600000,13.250000,11.820000,27.980000,59.720000,13.930000,17.840000
"({1, 2, 3, 4, 5}, 19)",165.290000,90.290000,15.730000,74.600000,13.250000,11.820000,27.980000,59.720000,13.930000,17.840000
"({1, 2, 3, 4, 5}, 18)",165.290000,90.290000,15.730000,74.600000,13.250000,11.820000,27.980000,59.720000,13.930000,17.840000
"({1, 2, 3, 4, 5}, 17)",165.290000,90.290000,15.730000,74.600000,13.250000,11.820000,27.980000,59.720000,13.930000,17.840000
"({1, 2, 3, 4, 5}, 16)",165.290000,90.290000,15.730000,74.600000,13.250000,11.820000,27.980000,59.720000,13.930000,17.840000
"({1, 2, 3, 4, 5}, 15)",165.290000,90.290000,15.730000,74.600000,13.250000,11.820000,27.980000,59.720000,13.930000,17.840000
"({1, 2, 3, 4, 5}, 14)",165.290000,90.290000,15.730000,74.600000,13.250000,11.820000,27.980000,59.720000,0,0
"({1, 2, 3, 4, 5}, 13)",165.290000,90.290000,15.730000,74.600000,13.250000,11.820000,27.980000,0,0,0
"({1, 2, 3, 4, 5}, 12)",165.290000,90.290000,15.730000,74.600000,13.250000,11.820000,27.980000,0,0,0
"({1, 2, 3, 4, 5}, 11)",165.290000,90.290000,15.730000,74.600000,13.250000,11.820000,0,0,0,0
"({1, 2, 3, 4, 5}, 10)",165.290000,90.290000,15.730000,74.600000,13.250000,11.820000,0,0,0,0
"({1, 2, 3, 4, 5}, 9)",165.290000,90.290000,15.730000,74.600000,0,0,0,0,0,0
"({1, 2, 3, 4, 5}, 8)",165.290000,90.290000,15.730000,74.600000,0,0,0,0,0,0
"({1, 2, 3, 4, 5}, 7)",165.290000,90.290000,15.730000,0,0,0,0,0,0,0
"({1, 2, 3, 4, 5}, 6)",165.290000,90.290000,0,0,0,0,0,0,0,0
"({1, 2, 3, 4, 5}, 5)",165.290000,90.290000,0,0,0,0,0,0,0,0
"({1, 5, 6, 7}, 20)",51.190000,48.720000,52.670000,38.900000,20.480000,50.820000,63.400000,51.150000,24.350000,28.670000
"({1, 5, 6, 7}, 19)",51.190000,48.720000,52.670000,38.900000,20.480000,50.820000,63.400000,51.150000,24.350000,28.670000
"({1, 5, 6, 7}, 18)",51.190000,48.720000,52.670000,38.900000,20.480000,50.820000,63.400000,51.150000,24.350000,28.670000
"({1, 5, 6, 7}, 17)",51.190000,48.720000,52.670000,38.900000,20.480000,50.820000,63.400000,51.150000,24.350000,28.670000
"({1, 5, 6, 7}, 16)",51.190000,48.720000,52.670000,38.900000,20.480000,50.820000,63.400000,51.150000,24.350000,28.670000
"({1, 5, 6, 7}, 15)",51.190000,48.720000,52.670000,38.900000,20.480000,50.820000,63.400000,51.150000,24.350000,28.670000
"({1, 5, 6, 7}, 14)",51.190000,48.720000,52.670000,38.900000,20.480000,50.820000,63.400000,51.150000,0,0
"({1, 5, 6, 7}, 13)",51.190000,48.720000,52.670000,38.900000,20.480000,50.820000,63.400000,0,0,0
"({1, 5, 6, 7}, 12)",51.190000,48.720000,52.670000,38.900000,20.480000,50.820000,63.400000,0,0,0
"({1, 5, 6, 7}, 11)",51.190000,48.720000,52.670000,38.900000,20.480000,50.820000,0,0,0,0
"({1, 5, 6, 7}, 10)",51.190000,48.720000,52.670000,38.900000,20.480000,50.820000,0,0,0,0
"({1, 5, 6, 7}, 9)",51.190000,48.720000,52.670000,38.900000,0,0,0,0,0,0
"({1, 5, 6, 7}, 8)",51.190000,48.720000,52.670000,38.900000,0,0,0,0,0,0
"({1, 5, 6, 7}, 7)",51.190000,48.720000,52.670000,0,0,0,0,0,0,0
"({1, 5, 6, 7}, 6)",51.190000,48.720000,0,0,0,0,0,0,0,0
"({1, 5, 6, 7}, 5)",51.190000,48.720000,0,0,0,0,0,0,0,0
"({1, 4, 6, 7}, 20)",138.000000,67.260000,156.660000,176.760000,123.490000,24.220000,96.220000,132.190000,41.490000,25.890000
"({1, 4, 6, 7}, 19)",138.000000,67.260000,156.660000,176.760000,123.490000,24.220000,96.220000,132.190000,41.490000,25.890000
"({1, 4, 6, 7}, 18)",138.000000,67.260000,156.660000,176.760000,123.490000,24.220000,96.220000,132.190000,41.490000,25.890000
"({1, 4, 6, 7}, 17)",138.000000,67.260000,156.660000,176.760000,123.490000,24.220000,96.220000,132.190000,41.490000,25.890000
"({1, 4, 6, 7}, 16)",138.000000,67.260000,156.660000,176.760000,123.490000,24.220000,96.220000,132.190000,41.490000,25.890000
"({1, 4, 6, 7}, 15)",138.000000,67.260000,156.660000,176.760000,123.490000,24.220000,96.220000,132.190000,41.490000,25.890000
"({1, 4, 6, 7}, 14)",138.000000,67.260000,156.660000,176.760000,123.490000,24.220000,96.220000,132.190000,0,0
"({1, 4, 6, 7}, 13)",138.000000,67.260000,156.660000,176.760000,123.490000,24.220000,96.220000,0,0,0
"({1, 4, 6, 7}, 12)",138.000000,67.260000,156.660000,176.760000,123.490000,24.220000,96.220000,0,0,0
"({1, 4, 6, 7}, 11)",138.000000,67.260000,156.660000,176.760000,123.490000,24.220000,0,0,0,0
"({1, 4, 6, 7}, 10)",138.000000,67.260000,156.660000,176.760000,123.490000,24.220000,0,0,0,0
"({1, 4, 6, 7}, 9)",138.000000,67.260000,156.660000,176.760000,0,0,0,0,0,0
"({1, 4, 6, 7}, 8)",138.000000,67.260000,156.660000,176.760000,0,0,0,0,0,0
"({1, 4, 6, 7}, 7)",138.000000,67.260000,156.660000,0,0,0,0,0,0,0
"({1, 4, 6, 7}, 6)",138.000000,67.260000,0,0,0,0,0,0,0,0
"({1, 4, 6, 7}, 5)",138.000000,67.260000,0,0,0,0,0,0,0,0
"({1, 4, 5, 7}, 20)",11.740000,42.480000,33.970000,41.560000,10.910000,13.000000,129.390000,40.340000,50.480000,20.090000
"({1, 4, 5, 7}, 19)",11.740000,42.480000,33.970000,41.560000,10.910000,13.000000,129.390000,40.340000,50.480000,20.090000
"({1, 4, 5, 7}, 18)",11.740000,42.480000,33.970000,41.560000,10.910000,13.000000,129.390000,40.340000,50.480000,20.090000
"({1, 4, 5, 7}, 17)",11.740000,42.480000,33.970000,41.560000,10.910000,13.000000,129.390000,40.340000,50.480000,20.090000
"({1, 4, 5, 7}, 16)",11.740000,42.480000,33.970000,41.560000,10.910000,13.000000,129.390000,40.340000,50.480000,20.090000
"({1, 4, 5, 7}, 15)",11.740000,42.480000,33.970000,41.560000,10.910000,13.000000,129.390000,40.340000,50.480000,20.090000
"({1, 4, 5, 7}, 14)",11.740000,42.480000,33.970000,41.560000,10.910000,13.000000,129.390000,40.340000,0,0
"({1, 4, 5, 7}, 13)",11.740000,42.480000,33.970000,41.560000,10.910000,13.000000,129.390000,0,0,0
"({1, 4, 5, 7}, 12)",11.740000,42.480000,33.970000,41.560000,10.910000,13.000000,129.390000,0,0,0
"({1, 4, 5, 7}, 11)",11.740000,42.480000,33.970000,41.560000,10.910000,13.000000,0,0,0,0
"({1, 4, 5, 7}, 10)",11.740000,42.480000,33.970000,41.560000,10.910000,13.000000,0,0,0,0
"({1, 4, 5, 7}, 9)",11.740000,42.480000,33.970000,41.560000,0,0,0,0,0,0
"({1, 4, 5, 7}, 8)",11.740000,42.480000,33.970000,41.560000,0,0,0,0,0,0
"({1, 4, 5, 7}, 7)",11.740000,42.480000,33.970000,0,0,0,0,0,0,0
"({1, 4, 5, 7}, 6)",11.740000,42.480000,0,0,0,0,0,0,0,0
"({1, 4, 5, 7}, 5)",11.740000,42.480000,0,0,0,0,0,0,0,0
"({1, 4, 5, 6}, 20)",374.580000,50.580000,36.380000,163.460000,16.200000,12.070000,124.390000,285.990000,126.740000,128.880000
"({1, 4, 5, 6}, 19)",374.580000,50.580000,36.380000,163.460000,16.200000,12.070000,124.390000,285.990000,126.740000,128.880000
"({1, 4, 5, 6}, 18)",374.580000,50.580000,36.380000,163.460000,16.200000,12.070000,124.390000,285.990000,126.740000,128.880000
"({1, 4, 5, 6}, 17)",374.580000,50.580000,36.380000,163.460000,16.200000,12.070000,124.390000,285.990000,126.740000,128.880000
"({1, 4, 5, 6}, 16)",374.580000,50.580000,36.380000,163.460000,16.200000,12.070000,124.390000,285.990000,126.740000,128.880000
"({1, 4, 5, 6}, 15)",374.580000,50.580000,36.380000,163.460000,16.200000,12.070000,124.390000,285.990000,126.740000,128.880000
"({1, 4, 5, 6}, 14)",374.580000,50.580000,36.380000,163.460000,16.200000,12.070000,124.390000,285.990000,0,0
"({1, 4, 5, 6}, 13)",374.580000,50.580000,36.380000,163.460000,16.200000,12.070000,124.390000,0,0,0
"({1, 4, 5, 6}, 12)",374.580000,50.580000,36.380000,163.460000,16.200000,12.070000,124.390000,0,0,0
"({1, 4, 5, 6}, 11)",374.580000,50.580000,36.380000,163.460000,16.200000,12.070000,0,0,0,0
"({1, 4, 5, 6}, 10)",374.580000,50.580000,36.380000,163.460000,16.200000,12.070000,0,0,0,0
"({1, 4, 5, 6}, 9)",374.580000,50.580000,36.380000,163.460000,0,0,0,0,0,0
"({1, 4, 5, 6}, 8)",374.580000,50.580000,36.380000,163.460000,0,0,0,0,0,0
"({1, 4, 5, 6}, 7)",374.580000,50.580000,36.380000,0,0,0,0,0,0,0
"({1, 4, 5, 6}, 6)",374.580000,50.580000,0,0,0,0,0,0,0,0
"({1, 4, 5, 6}, 5)",374.580000,50.580000,0,0,0,0,0,0,0,0
"({1, 3, 6, 7}, 20)",151.840000,9.130000,138.680000,34.580000,32.860000,16.570000,36.410000,37.770000,17.560000,20.390000
"({1, 3, 6, 7}, 19)",151.840000,9.130000,138.680000,34.580000,32.860000,16.570000,36.410000,37.770000,17.560000,20.390000
"({1, 3, 6, 7}, 18)",151.840000,9.130000,138.680000,34.580000,32.860000,16.570000,36.410000,37.770000,17.560000,20.390000
"({1, 3, 6, 7}, 17)",151.840000,9.130000,138.680000,34.580000,32.860000,16.570000,36.410000,37.770000,17.560000,20.390000
"({1, 3, 6, 7}, 16)",151.840000,9.130000,138.680000,34.580000,32.860000,16.570000,36.410000,37.770000,17.560000,20.390000
"({1, 3, 6, 7}, 15)",151.840000,9.130000,138.680000,34.580000,32.860000,16.570000,36.410000,37.770000,17.560000,20.390000
"({1, 3, 6, 7}, 14)",151.840000,9.130000,138.680000,34.580000,32.860000,16.570000,36.410000,37.770000,0,0
"({1, 3, 6, 7}, 13)",151.840000,9.130000,138.680000,34.580000,32.860000,16.570000,36.410000,0,0,0
"({1, 3, 6, 7}, 12)",151.840000,9.130000,138.680000,34.580000,32.860000,16.570000,36.410000,0,0,0
"({1, 3, 6, 7}, 11)",151.840000,9.130000,138.680000,34.580000,32.860000,16.570000,0,0,0,0
"({1, 3, 6, 7}, 10)",151.840000,9.130000,138.680000,34.580000,32.860000,16.570000,0,0,0,0
"({1, 3, 6, 7}, 9)",151.840000,9.130000,138.680000,34.580000,0,0,0,0,0,0
"({1, 3, 6, 7}, 8)",151.840000,9.130000,138.680000,34.580000,0,0,0,0,0,0
"({1, 3, 6, 7}, 7)",151.840000,9.130000,138.680000,0,0,0,0,0,0,0
"({1, 3, 6, 7}, 6)",151.840000,9.130000,0,0,0,0,0,0,0,0
"({1, 3, 6, 7}, 5)",151.840000,9.130000,0,0,0,0,0,0,0,0
"({1, 3, 5, 7}, 20)",9.580000,7.290000,19.680000,26.990000,10.610000,10.810000,29.930000,28.510000,14.530000,15.880000
"({1, 3, 5, 7}, 19)",9.580000,7.290000,19.680000,26.990000,10.610000,10.810000,29.930000,28.510000,14.530000,15.880000
"({1, 3, 5, 7}, 18)",9.580000,7.290000,19.680000,26.990000,10.610000,10.810000,29.930000,28.510000,14.530000,15.880000
"({1, 3, 5, 7}, 17)",9.580000,7.290000,19.680000,26.990000,10.610000,10.810000,29.930000,28.510000,14.530000,15.880000
"({1, 3, 5, 7}, 16)",9.580000,7.290000,19.680000,26.990000,10.610000,10.810000,29.930000,28.510000,14.530000,15.880000
"({1, 3, 5, 7}, 15)",9.580000,7.290000,19.680000,26.990000,10.610000,10.810000,29.930000,28.510000,14.530000,15.880000
"({1, 3, 5, 7}, 14)",9.580000,7.290000,19.680000,26.990000,10.610000,10.810000,29.930000,28.510000,0,0
"({1, 3, 5, 7}, 13)",9.580000,7.290000,19.680000,26.990000,10.610000,10.810000,29.930000,0,0,0
"({1, 3, 5, 7}, 12)",9.580000,7.290000,19.680000,26.990000,10.610000,10.810000,29.930000,0,0,0
"({1, 3, 5, 7}, 11)",9.580000,7.290000,19.680000,26.990000,10.610000,10.810000,0,0,0,0
"({1, 3, 5, 7}, 10)",9.580000,7.290000,19.680000,26.990000,10.610000,10.810000,0,0,0,0
"({1, 3, 5, 7}, 9)",9.580000,7.290000,19.680000,26.990000,0,0,0,0,0,0
"({1, 3, 5, 7}, 8)",9.580000,7.290000,19.680000,26.990000,0,0,0,0,0,0
"({1, 3, 5, 7}, 7)",9.580000,7.290000,19.680000,0,0,0,0,0,0,0
"({1, 3, 5, 7}, 6)",9.580000,7.290000,0,0,0,0,0,0,0,0
"({1, 3, 5, 7}, 5)",9.580000,7.290000,0,0,0,0,0,0,0,0
"({1, 3, 5, 6}, 20)",598.850000,28.380000,27.860000,147.510000,11.590000,12.100000,43.870000,310.080000,84.860000,58.570000
"({1, 3, 5, 6}, 19)",598.850000,28.380000,27.860000,147.510000,11.590000,12.100000,43.870000,310.080000,84.860000,58.570000
"({1, 3, 5, 6}, 18)",598.850000,28.380000,27.860000,147.510000,11.590000,12.100000,43.870000,310.080000,84.860000,58.570000
"({1, 3, 5, 6}, 17)",598.850000,28.380000,27.860000,147.510000,11.590000,12.100000,43.870000,310.080000,84.860000,58.570000
"({1, 3, 5, 6}, 16)",598.850000,28.380000,27.860000,147.510000,11.590000,12.100000,43.870000,310.080000,84.860000,58.570000
"({1, 3, 5, 6}, 15)",598.850000,28.380000,27.860000,147.510000,11.590000,12.100000,43.870000,310.080000,84.860000,58.570000
"({1, 3, 5, 6}, 14)",598.850000,28.380000,27.860000,147.510000,11.590000,12.100000,43.870000,310.080000,0,0
"({1, 3, 5, 6}, 13)",598.850000,28.380000,27.860000,147.510000,11.590000,12.100000,43.870000,0,0,0
"({1, 3, 5, 6}, 12)",598.850000,28.380000,27.860000,147.510000,11.590000,12.100000,43.870000,0,0,0
"({1, 3, 5, 6}, 11)",598.850000,28.380000,27.860000,147.510000,11.590000,12.100000,0,0,0,0
"({1, 3, 5, 6}, 10)",598.850000,28.380000,27.860000,147.510000,11.590000,12.100000,0,0,0,0
"({1, 3, 5, 6}, 9)",598.850000,28.380000,27.860000,147.510000,0,0,0,0,0,0
"({1, 3, 5, 6}, 8)",598.850000,28.380000,27.860000,147.510000,0,0,0,0,0,0
"({1, 3, 5, 6}, 7)",598.850000,28.380000,27.860000,0,0,0,0,0,0,0
"({1, 3, 5, 6}, 6)",598.850000,28.380000,0,0,0,0,0,0,0,0
"({1, 3, 5, 6}, 5)",598.850000,28.380000,0,0,0,0,0,0,0,0
"({1, 3, 4, 7}, 20)",24.470000,7.200000,31.240000,28.770000,26.330000,12.350000,27.670000,31.730000,15.360000,20.210000
"({1, 3, 4, 7}, 19)",24.470000,7.200000,31.240000,28.770000,26.330000,12.350000,27.670000,31.730000,15.360000,20.210000
"({1, 3, 4, 7}, 18)",24.470000,7.200000,31.240000,28.770000,26.330000,12.350000,27.670000,31.730000,15.360000,20.210000
"({1, 3, 4, 7}, 17)",24.470000,7.200000,31.240000,28.770000,26.330000,12.350000,27.670000,31.730000,15.360000,20.210000
"({1, 3, 4, 7}, 16)",24.470000,7.200000,31.240000,28.770000,26.330000,12.350000,27.670000,31.730000,15.360000,20.210000
"({1, 3, 4, 7}, 15)",24.470000,7.200000,31.240000,28.770000,26.330000,12.350000,27.670000,31.730000,15.360000,20.210000
"({1, 3, 4, 7}, 14)",24.470000,7.200000,31.240000,28.770000,26.330000,12.350000,27.670000,31.730000,0,0
"({1, 3, 4, 7}, 13)",24.470000,7.200000,31.240000,28.770000,26.330000,12.350000,27.670000,0,0,0
"({1, 3, 4, 7}, 12)",24.470000,7.200000,31.240000,28.770000,26.330000,12.350000,27.670000,0,0,0
"({1, 3, 4, 7}, 11)",24.470000,7.200000,31.240000,28.770000,26.330000,12.350000,0,0,0,0
"({1, 3, 4, 7}, 10)",24.470000,7.200000,31.240000,28.770000,26.330000,12.350000,0,0,0,0
"({1, 3, 4, 7}, 9)",24.470000,7.200000,31.240000,28.770000,0,0,0,0,0,0
"({1, 3, 4, 7}, 8)",24.470000,7.200000,31.240000,28.770000,0,0,0,0,0,0
"({1, 3, 4, 7}, 7)",24.470000,7.200000,31.240000,0,0,0,0,0,0,0
"({1, 3, 4, 7}, 6)",24.470000,7.200000,0,0,0,0,0,0,0,0
"({1, 3, 4, 7}, 5)",24.470000,7.200000,0,0,0,0,0,0,0,0
"({1, 3, 4, 6}, 20)",332.570000,47.210000,175.950000,120.010000,122.770000,59.170000,190.200000,312.290000,141.300000,67.530000
"({1, 3, 4, 6}, 19)",332.570000,47.210000,175.950000,120.010000,122.770000,59.170000,190.200000,312.290000,141.300000,67.530000
"({1, 3, 4, 6}, 18)",332.570000,47.210000,175.950000,120.010000,122.770000,59.170000,190.200000,312.290000,141.300000,67.530000
"({1, 3, 4, 6}, 17)",332.570000,47.210000,175.950000,120.010000,122.770000,59.170000,190.200000,312.290000,141.300000,67.530000
"({1, 3, 4, 6}, 16)",332.570000,47.210000,175.950000,120.010000,122.770000,59.170000,190.200000,312.290000,141.300000,67.530000
"({1, 3, 4, 6}, 15)",332.570000,47.210000,175.950000,120.010000,122.770000,59.170000,190.200000,312.290000,141.300000,67.530000
"({1, 3, 4, 6}, 14)",332.570000,47.210000,175.950000,120.010000,122.770000,59.170000,190.200000,312.290000,0,0
"({1, 3, 4, 6}, 13)",332.570000,47.210000,175.950000,120.010000,122.770000,59.170000,190.200000,0,0,0
"({1, 3, 4, 6}, 12)",332.570000,47.210000,175.950000,120.010000,122.770000,59.170000,190.200000,0,0,0
"({1, 3, 4, 6}, 11)",332.570000,47.210000,175.950000,120.010000,122.770000,59.170000,0,0,0,0
"({1, 3, 4, 6}, 10)",332.570000,47.210000,175.950000,120.010000,122.770000,59.170000,0,0,0,0
"({1, 3, 4, 6}, 9)",332.570000,47.210000,175.950000,120.010000,0,0,0,0,0,0
"({1, 3, 4, 6}, 8)",332.570000,47.210000,175.950000,120.010000,0,0,0,0,0,0
"({1, 3, 4, 6}, 7)",332.570000,47.210000,175.950000,0,0,0,0,0,0,0
"({1, 3, 4, 6}, 6)",332.570000,47.210000,0,0,0,0,0,0,0,0
"({1, 3, 4, 6}, 5)",332.570000,47.210000,0,0,0,0,0,0,0,0
"({1, 3, 4, 5}, 20)",82.910000,34.520000,15.060000,179.370000,8.980000,11.930000,44.290000,217.000000,66.440000,65.640000
"({1, 3, 4, 5}, 19)",82.910000,34.520000,15.060000,179.370000,8.980000,11.930000,44.290000,217.000000,66.440000,65.640000
"({1, 3, 4, 5}, 18)",82.910000,34.520000,15.060000,179.370000,8.980000,11.930000,44.290000,217.000000,66.440000,65.640000
"({1, 3, 4, 5}, 17)",82.910000,34.520000,15.060000,179.370000,8.980000,11.930000,44.290000,217.000000,66.440000,65.640000
"({1, 3, 4, 5}, 16)",82.910000,34.520000,15.060000,179.370000,8.980000,11.930000,44.290000,217.000000,66.440000,65.640000
"({1, 3, 4, 5}, 15)",82.910000,34.520000,15.060000,179.370000,8.980000,11.930000,44.290000,217.000000,66.440000,65.640000
"({1, 3, 4, 5}, 14)",82.910000,34.520000,15.060000,179.370000,8.980000,11.930000,44.290000,217.000000,0,0
"({1, 3, 4, 5}, 13)",82.910000,34.520000,15.060000,179.370000,8.980000,11.930000,44.290000,0,0,0
"({1, 3, 4, 5}, 12)",82.910000,34.520000,15.060000,179.370000,8.980000,11.930000,44.290000,0,0,0
"({1, 3, 4, 5}, 11)",82.910000,34.520000,15.060000,179.370000,8.980000,11.930000,0,0,0,0
"({1, 3, 4, 5}, 10)",82.910000,34.520000,15.060000,179.370000,8.980000,11.930000,0,0,0,0
"({1, 3, 4, 5}, 9)",82.910000,34.520000,15.060000,179.370000,0,0,0,0,0,0
"({1, 3, 4, 5}, 8)",82.910000,34.520000,15.060000,179.370000,0,0,0,0,0,0
"({1, 3, 4, 5}, 7)",82.910000,34.520000,15.060000,0,0,0,0,0,0,0
"({1, 3, 4, 5}, 6)",82.910000,34.520000,0,0,0,0,0,0,0,0
"({1, 3, 4, 5}, 5)",82.910000,34.520000,0,0,0,0,0,0,0,0
"({1, 2, 6, 7}, 20)",54.270000,506.710000,118.500000,286.160000,16.160000,51.170000,65.430000,18.020000,26.840000,55.120000
"({1, 2, 6, 7}, 19)",54.270000,506.710000,118.500000,286.160000,16.160000,51.170000,65.430000,18.020000,26.840000,55.120000
"({1, 2, 6, 7}, 18)",54.270000,506.710000,118.500000,286.160000,16.160000,51.170000,65.430000,18.020000,26.840000,55.120000
"({1, 2, 6, 7}, 17)",54.270000,506.710000,118.500000,286.160000,16.160000,51.170000,65.430000,18.020000,26.840000,55.120000
"({1, 2, 6, 7}, 16)",54.270000,506.710000,118.500000,286.160000,16.160000,51.170000,65.430000,18.020000,26.840000,55.120000
"({1, 2, 6, 7}, 15)",54.270000,506.710000,118.500000,286.160000,16.160000,51.170000,65.430000,18.020000,26.840000,55.120000
"({1, 2, 6, 7}, 14)",54.270000,506.710000,118.500000,286.160000,16.160000,51.170000,65.430000,18.020000,0,0
"({1, 2, 6, 7}, 13)",54.270000,506.710000,118.500000,286.160000,16.160000,51.170000,65.430000,0,0,0
"({1, 2, 6, 7}, 12)",54.270000,506.710000,118.500000,286.160000,16.160000,51.170000,65.430000,0,0,0
"({1, 2, 6, 7}, 11)",54.270000,506.710000,118.500000,286.160000,16.160000,51.170000,0,0,0,0
"({1, 2, 6, 7}, 10)",54.270000,506.710000,118.500000,286.160000,16.160000,51.170000,0,0,0,0
"({1, 2, 6, 7}, 9)",54.270000,506.710000,118.500000,286.160000,0,0,0,0,0,0
"({1, 2, 6, 7}, 8)",54.270000,506.710000,118.500000,286.160000,0,0,0,0,0,0
"({1, 2, 6, 7}, 7)",54.270000,506.710000,118.500000,0,0,0,0,0,0,0
"({1, 2, 6, 7}, 6)",54.270000,506.710000,0,0,0,0,0,0,0,0
"({1, 2, 6, 7}, 5)",54.270000,506.710000,0,0,0,0,0,0,0,0
"({1, 2, 5, 7}, 20)",11.120000,108.300000,39.390000,49.870000,12.930000,38.230000,76.290000,14.690000,29.080000,48.590000
"({1, 2, 5, 7}, 19)",11.120000,108.300000,39.390000,49.870000,12.930000,38.230000,76.290000,14.690000,29.080000,48.590000
"({1, 2, 5, 7}, 18)",11.120000,108.300000,39.390000,49.870000,12.930000,38.230000,76.290000,14.690000,29.080000,48.590000
"({1, 2, 5, 7}, 17)",11.120000,108.300000,39.390000,49.870000,12.930000,38.230000,76.290000,14.690000,29.080000,48.590000
"({1, 2, 5, 7}, 16)",11.120000,108.300000,39.390000,49.870000,12.930000,38.230000,76.290000,14.690000,29.080000,48.590000
"({1, 2, 5, 7}, 15)",11.120000,108.300000,39.390000,49.870000,12.930000,38.230000,76.290000,14.690000,29.080000,48.590000
"({1, 2, 5, 7}, 14)",11.120000,108.300000,39.390000,49.870000,12.930000,38.230000,76.290000,14.690000,0,0
"({1, 2, 5, 7}, 13)",11.120000,108.300000,39.390000,49.870000,12.930000,38.230000,76.290000,0,0,0
"({1, 2, 5, 7}, 12)",11.120000,108.300000,39.390000,49.870000,12.930000,38.230000,76.290000,0,0,0
"({1, 2, 5, 7}, 11)",11.120000,108.300000,39.390000,49.870000,12.930000,38.230000,0,0,0,0
"({1, 2, 5, 7}, 10)",11.120000,108.300000,39.390000,49.870000,12.930000,38.230000,0,0,0,0
"({1, 2, 5, 7}, 9)",11.120000,108.300000,39.390000,49.870000,0,0,0,0,0,0
"({1, 2, 5, 7}, 8)",11.120000,108.300000,39.390000,49.870000,0,0,0,0,0,0
"({1, 2, 5, 7}, 7)",11.120000,108.300000,39.390000,0,0,0,0,0,0,0
"({1, 2, 5, 7}, 6)",11.120000,108.300000,0,0,0,0,0,0,0,0
"({1, 2, 5, 7}, 5)",11.120000,108.300000,0,0,0,0,0,0,0,0
"({1, 2, 5, 6}, 20)",84.250000,116.750000,78.810000,104.390000,14.260000,21.510000,39.300000,61.670000,25.920000,77.510000
"({1, 2, 5, 6}, 19)",84.250000,116.750000,78.810000,104.390000,14.260000,21.510000,39.300000,61.670000,25.920000,77.510000
"({1, 2, 5, 6}, 18)",84.250000,116.750000,78.810000,104.390000,14.260000,21.510000,39.300000,61.670000,25.920000,77.510000
"({1, 2, 5, 6}, 17)",84.250000,116.750000,78.810000,104.390000,14.260000,21.510000,39.300000,61.670000,25.920000,77.510000
"({1, 2, 5, 6}, 16)",84.250000,116.750000,78.810000,104.390000,14.260000,21.510000,39.300000,61.670000,25.920000,77.510000
"({1, 2, 5, 6}, 15)",84.250000,116.750000,78.810000,104.390000,14.260000,21.510000,39.300000,61.670000,25.920000,77.510000
"({1, 2, 5, 6}, 14)",84.250000,116.750000,78.810000,104.390000,14.260000,21.510000,39.300000,61.670000,0,0
"({1, 2, 5, 6}, 13)",84.250000,116.750000,78.810000,104.390000,14.260000,21.510000,39.300000,0,0,0
"({1, 2, 5, 6}, 12)",84.250000,116.750000,78.810000,104.390000,14.260000,21.510000,39.300000,0,0,0
"({1, 2, 5, 6}, 11)",84.250000,116.750000,78.810000,104.390000,14.260000,21.510000,0,0,0,0
"({1, 2, 5, 6}, 10)",84.250000,116.750000,78.810000,104.390000,14.260000,21.510000,0,0,0,0
"({1, 2, 5, 6}, 9)",84.250000,116.750000,78.810000,104.390000,0,0,0,0,0,0
"({1, 2, 5, 6}, 8)",84.250000,116.750000,78.810000,104.390000,0,0,0,0,0,0
"({1, 2, 5, 6}, 7)",84.250000,116.750000,78.810000,0,0,0,0,0,0,0
"({1, 2, 5, 6}, 6)",84.250000,116.750000,0,0,0,0,0,0,0,0
"({1, 2, 5, 6}, 5)",84.250000,116.750000,0,0,0,0,0,0,0,0
"({1, 2, 4, 7}, 20)",12.290000,89.190000,12.380000,71.110000,12.480000,13.300000,122.160000,17.770000,46.520000,18.550000
"({1, 2, 4, 7}, 19)",12.290000,89.190000,12.380000,71.110000,12.480000,13.300000,122.160000,17.770000,46.520000,18.550000
"({1, 2, 4, 7}, 18)",12.290000,89.190000,12.380000,71.110000,12.480000,13.300000,122.160000,17.770000,46.520000,18.550000
"({1, 2, 4, 7}, 17)",12.290000,89.190000,12.380000,71.110000,12.480000,13.300000,122.160000,17.770000,46.520000,18.550000
"({1, 2, 4, 7}, 16)",12.290000,89.190000,12.380000,71.110000,12.480000,13.300000,122.160000,17.770000,46.520000,18.550000
"({1, 2, 4, 7}, 15)",12.290000,89.190000,12.380000,71.110000,12.480000,13.300000,122.160000,17.770000,46.520000,18.550000
"({1, 2, 4, 7}, 14)",12.290000,89.190000,12.380000,71.110000,12.480000,13.300000,122.160000,17.770000,0,0
"({1, 2, 4, 7}, 13)",12.290000,89.190000,12.380000,71.110000,12.480000,13.300000,122.160000,0,0,0
"({1, 2, 4, 7}, 12)",12.290000,89.190000,12.380000,71.110000,12.480000,13.300000,122.160000,0,0,0
"({1, 2, 4, 7}, 11)",12.290000,89.190000,12.380000,71.110000,12.480000,13.300000,0,0,0,0
"({1, 2, 4, 7}, 10)",12.290000,89.190000,12.380000,71.110000,12.480000,13.300000,0,0,0,0
"({1, 2, 4, 7}, 9)",12.290000,89.190000,12.380000,71.110000,0,0,0,0,0,0
"({1, 2, 4, 7}, 8)",12.290000,89.190000,12.380000,71.110000,0,0,0,0,0,0
"({1, 2, 4, 7}, 7)",12.290000,89.190000,12.380000,0,0,0,0,0,0,0
"({1, 2, 4, 7}, 6)",12.290000,89.190000,0,0,0,0,0,0,0,0
"({1, 2, 4, 7}, 5)",12.290000,89.190000,0,0,0,0,0,0,0,0
"({1, 2, 4, 6}, 20)",544.750000,416.000000,27.110000,230.100000,15.950000,12.390000,95.100000,213.520000,35.920000,100.970000
"({1, 2, 4, 6}, 19)",544.750000,416.000000,27.110000,230.100000,15.950000,12.390000,95.100000,213.520000,35.920000,100.970000
"({1, 2, 4, 6}, 18)",544.750000,416.000000,27.110000,230.100000,15.950000,12.390000,95.100000,213.520000,35.920000,100.970000
"({1, 2, 4, 6}, 17)",544.750000,416.000000,27.110000,230.100000,15.950000,12.390000,95.100000,213.520000,35.920000,100.970000
"({1, 2, 4, 6}, 16)",544.750000,416.000000,27.110000,230.100000,15.950000,12.390000,95.100000,213.520000,35.920000,100.970000
"({1, 2, 4, 6}, 15)",544.750000,416.000000,27.110000,230.100000,15.950000,12.390000,95.100000,213.520000,35.920000,100.970000
"({1, 2, 4, 6}, 14)",544.750000,416.000000,27.110000,230.100000,15.950000,12.390000,95.100000,213.520000,0,0
"({1, 2, 4, 6}, 13)",544.750000,416.000000,27.110000,230.100000,15.950000,12.390000,95.100000,0,0,0
"({1, 2, 4, 6}, 12)",544.750000,416.000000,27.110000,230.100000,15.950000,12.390000,95.100000,0,0,0
"({1, 2, 4, 6}, 11)",544.750000,416.000000,27.110000,230.100000,15.950000,12.390000,0,0,0,0
"({1, 2, 4, 6}, 10)",544.750000,416.000000,27.110000,230.100000,15.950000,12.390000,0,0,0,0
"({1, 2, 4, 6}, 9)",544.750000,416.000000,27.110000,230.100000,0,0,0,0,0,0
"({1, 2, 4, 6}, 8)",544.750000,416.000000,27.110000,230.100000,0,0,0,0,0,0
"({1, 2, 4, 6}, 7)",544.750000,416.000000,27.110000,0,0,0,0,0,0,0
"({1, 2, 4, 6}, 6)",544.750000,416.000000,0,0,0,0,0,0,0,0
"({1, 2, 4, 6}, 5)",544.750000,416.000000,0,0,0,0,0,0,0,0
"({1, 2, 4, 5}, 20)",97.100000,84.580000,13.000000,51.600000,11.570000,10.340000,80.570000,47.810000,32.230000,153.820000
"({1, 2, 4, 5}, 19)",97.100000,84.580000,13.000000,51.600000,11.570000,10.340000,80.570000,47.810000,32.230000,153.820000
"({1, 2, 4, 5}, 18)",97.100000,84.580000,13.000000,51.600000,11.570000,10.340000,80.570000,47.810000,32.230000,153.820000
"({1, 2, 4, 5}, 17)",97.100000,84.580000,13.000000,51.600000,11.570000,10.340000,80.570000,47.810000,32.230000,153.820000
"({1, 2, 4, 5}, 16)",97.100000,84.580000,13.000000,51.600000,11.570000,10.340000,80.570000,47.810000,32.230000,153.820000
"({1, 2, 4, 5}, 15)",97.100000,84.580000,13.000000,51.600000,11.570000,10.340000,80.570000,47.810000,32.230000,153.820000
"({1, 2, 4, 5}, 14)",97.100000,84.580000,13.000000,51.600000,11.570000,10.340000,80.570000,47.810000,0,0
"({1, 2, 4, 5}, 13)",97.100000,84.580000,13.000000,51.600000,11.570000,10.340000,80.570000,0,0,0
"({1, 2, 4, 5}, 12)",97.100000,84.580000,13.000000,51.600000,11.570000,10.340000,80.570000,0,0,0
"({1, 2, 4, 5}, 11)",97.100000,84.580000,13.000000,51.600000,11.570000,10.340000,0,0,0,0
"({1, 2, 4, 5}, 10)",97.100000,84.580000,13.000000,51.600000,11.570000,10.340000,0,0,0,0
"({1, 2, 4, 5}, 9)",97.100000,84.580000,13.000000,51.600000,0,0,0,0,0,0
"({1, 2, 4, 5}, 8)",97.100000,84.580000,13.000000,51.600000,0,0,0,0,0,0
"({1, 2, 4, 5}, 7)",97.100000,84.580000,13.000000,0,0,0,0,0,0,0
"({1, 2, 4, 5}, 6)",97.100000,84.580000,0,0,0,0,0,0,0,0
"({1, 2, 4, 5}, 5)",97.100000,84.580000,0,0,0,0,0,0,0,0
"({1, 2, 3, 7}, 20)",10.780000,9.520000,9.700000,38.970000,11.040000,9.620000,11.110000,14.210000,12.970000,16.310000
"({1, 2, 3, 7}, 19)",10.780000,9.520000,9.700000,38.970000,11.040000,9.620000,11.110000,14.210000,12.970000,16.310000
"({1, 2, 3, 7}, 18)",10.780000,9.520000,9.700000,38.970000,11.040000,9.620000,11.110000,14.210000,12.970000,16.310000
"({1, 2, 3, 7}, 17)",10.780000,9.520000,9.700000,38.970000,11.040000,9.620000,11.110000,14.210000,12.970000,16.310000
"({1, 2, 3, 7}, 16)",10.780000,9.520000,9.700000,38.970000,11.040000,9.620000,11.110000,14.210000,12.970000,16.310000
"({1, 2, 3, 7}, 15)",10.780000,9.520000,9.700000,38.970000,11.040000,9.620000,11.110000,14.210000,12.970000,16.310000
"({1, 2, 3, 7}, 14)",10.780000,9.520000,9.700000,38.970000,11.040000,9.620000,11.110000,14.210000,0,0
"({1, 2, 3, 7}, 13)",10.780000,9.520000,9.700000,38.970000,11.040000,9.620000,11.110000,0,0,0
"({1, 2, 3, 7}, 12)",10.780000,9.520000,9.700000,38.970000,11.040000,9.620000,11.110000,0,0,0
"({1, 2, 3, 7}, 11)",10.780000,9.520000,9.700000,38.970000,11.040000,9.620000,0,0,0,0
"({1, 2, 3, 7}, 10)",10.780000,9.520000,9.700000,38.970000,11.040000,9.620000,0,0,0,0
"({1, 2, 3, 7}, 9)",10.780000,9.520000,9.700000,38.970000,0,0,0,0,0,0
"({1, 2, 3, 7}, 8)",10.780000,9.520000,9.700000,38.970000,0,0,0,0,0,0
"({1, 2, 3, 7}, 7)",10.780000,9.520000,9.700000,0,0,0,0,0,0,0
"({1, 2, 3, 7}, 6)",10.780000,9.520000,0,0,0,0,0,0,0,0
"({1, 2, 3, 7}, 5)",10.780000,9.520000,0,0,0,0,0,0,0,0
"({1, 2, 3, 6}, 20)",77.720000,70.300000,17.180000,37.950000,15.010000,11.180000,26.890000,45.360000,19.200000,24.450000
"({1, 2, 3, 6}, 19)",77.720000,70.300000,17.180000,37.950000,15.010000,11.180000,26.890000,45.360000,19.200000,24.450000
"({1, 2, 3, 6}, 18)",77.720000,70.300000,17.180000,37.950000,15.010000,11.180000,26.890000,45.360000,19.200000,24.450000
"({1, 2, 3, 6}, 17)",77.720000,70.300000,17.180000,37.950000,15.010000,11.180000,26.890000,45.360000,19.200000,24.450000
"({1, 2, 3, 6}, 16)",77.720000,70.300000,17.180000,37.950000,15.010000,11.180000,26.890000,45.360000,19.200000,24.450000
"({1, 2, 3, 6}, 15)",77.720000,70.300000,17.180000,37.950000,15.010000,11.180000,26.890000,45.360000,19.200000,24.450000
"({1, 2, 3, 6}, 14)",77.720000,70.300000,17.180000,37.950000,15.010000,11.180000,26.890000,45.360000,0,0
"({1, 2, 3, 6}, 13)",77.720000,70.300000,17.180000,37.950000,15.010000,11.180000,26.890000,0,0,0
"({1, 2, 3, 6}, 12)",77.720000,70.300000,17.180000,37.950000,15.010000,11.180000,26.890000,0,0,0
"({1, 2, 3, 6}, 11)",77.720000,70.300000,17.180000,37.950000,15.010000,11.180000,0,0,0,0
"({1, 2, 3, 6}, 10)",77.720000,70.300000,17.180000,37.950000,15.010000,11.180000,0,0,0,0
"({1, 2, 3, 6}, 9)",77.720000,70.300000,17.180000,37.950000,0,0,0,0,0,0
"({1, 2, 3, 6}, 8)",77.720000,70.300000,17.180000,37.950000,0,0,0,0,0,0
"({1, 2, 3, 6}, 7)",77.720000,70.300000,17.180000,0,0,0,0,0,0,0
"({1, 2, 3, 6}, 6)",77.720000,70.300000,0,0,0,0,0,0,0,0
"({1, 2, 3, 6}, 5)",77.720000,70.300000,0,0,0,0,0,0,0,0
"({1, 2, 3, 5}, 20)",55.930000,48.190000,12.180000,35.510000,11.760000,10.800000,22.510000,30.870000,15.340000,17.070000
"({1, 2, 3, 5}, 19)",55.930000,48.190000,12.180000,35.510000,11.760000,10.800000,22.510000,30.870000,15.340000,17.070000
"({1, 2, 3, 5}, 18)",55.930000,48.190000,12.180000,35.510000,11.760000,10.800000,22.510000,30.870000,15.340000,17.070000
"({1, 2, 3, 5}, 17)",55.930000,48.190000,12.180000,35.510000,11.760000,10.800000,22.510000,30.870000,15.340000,17.070000
"({1, 2, 3, 5}, 16)",55.930000,48.190000,12.180000,35.510000,11.760000,10.800000,22.510000,30.870000,15.340000,17.070000
"({1, 2, 3, 5}, 15)",55.930000,48.190000,12.180000,35.510000,11.760000,10.800000,22.510000,30.870000,15.340000,17.070000
"({1, 2, 3, 5}, 14)",55.930000,48.190000,12.180000,35.510000,11.760000,10.800000,22.510000,30.870000,0,0
"({1, 2, 3, 5}, 13)",55.930000,48.190000,12.180000,35.510000,11.760000,10.800000,22.510000,0,0,0
"({1, 2, 3, 5}, 12)",55.930000,48.190000,12.180000,35.510000,11.760000,10.800000,22.510000,0,0,0
"({1, 2, 3, 5}, 11)",55.930000,48.190000,12.180000,35.510000,11.760000,10.800000,0,0,0,0
"({1, 2, 3, 5}, 10)",55.930000,48.190000,12.180000,35.510000,11.760000,10.800000,0,0,0,0
"({1, 2, 3, 5}, 9)",55.930000,48.190000,12.180000,35.510000,0,0,0,0,0,0
"({1, 2, 3, 5}, 8)",55.930000,48.190000,12.180000,35.510000,0,0,0,0,0,0
"({1, 2, 3, 5}, 7)",55.930000,48.190000,12.180000,0,0,0,0,0,0,0
"({1, 2, 3, 5}, 6)",55.930000,48.190000,0,0,0,0,0,0,0,0
"({1, 2, 3, 5}, 5)",55.930000,48.190000,0,0,0,0,0,0,0,0
"({1, 2, 3, 4}, 20)",83.620000,61.300000,13.280000,36.690000,9.890000,10.240000,25.050000,37.690000,13.490000,23.670000
"({1, 2, 3, 4}, 19)",83.620000,61.300000,13.280000,36.690000,9.890000,10.240000,25.050000,37.690000,13.490000,23.670000
"({1, 2, 3, 4}, 18)",83.620000,61.300000,13.280000,36.690000,9.890000,10.240000,25.050000,37.690000,13.490000,23.670000
"({1, 2, 3, 4}, 17)",83.620000,61.300000,13.280000,36.690000,9.890000,10.240000,25.050000,37.690000,13.490000,23.670000
"({1, 2, 3, 4}, 16)",83.620000,61.300000,13.280000,36.690000,9.890000,10.240000,25.050000,37.690000,13.490000,23.670000
"({1, 2, 3, 4}, 15)",83.620000,61.300000,13.280000,36.690000,9.890000,10.240000,25.050000,37.690000,13.490000,23.670000
"({1, 2, 3, 4}, 14)",83.620000,61.300000,13.280000,36.690000,9.890000,10.240000,25.050000,37.690000,0,0
"({1, 2, 3, 4}, 13)",83.620000,61.300000,13.280000,36.690000,9.890000,10.240000,25.050000,0,0,0
"({1, 2, 3, 4}, 12)",83.620000,61.300000,13.280000,36.690000,9.890000,10.240000,25.050000,0,0,0
"({1, 2, 3, 4}, 11)",83.620000,61.300000,13.280000,36.690000,9.890000,10.240000,0,0,0,0
"({1, 2, 3, 4}, 10)",83.620000,61.300000,13.280000,36.690000,9.890000,10.240000,0,0,0,0
"({1, 2, 3, 4}, 9)",83.620000,61.300000,13.280000,36.690000,0,0,0,0,0,0
"({1, 2, 3, 4}, 8)",83.620000,61.300000,13.280000,36.690000,0,0,0,0,0,0
"({1, 2, 3, 4}, 7)",83.620000,61.300000,13.280000,0,0,0,0,0,0,0
"({1, 2, 3, 4}, 6)",83.620000,61.300000,0,0,0,0,0,0,0,0
"({1, 2, 3, 4}, 5)",83.620000,61.300000,0,0,0,0,0,0,0,0
"({1, 6, 7}, 20)",43.440000,21.110000,33.870000,16.250000,18.320000,19.350000,22.970000,24.250000,16.520000,21.530000
"({1, 6, 7}, 19)",43.440000,21.110000,33.870000,16.250000,18.320000,19.350000,22.970000,24.250000,16.520000,21.530000
"({1, 6, 7}, 18)",43.440000,21.110000,33.870000,16.250000,18.320000,19.350000,22.970000,24.250000,16.520000,21.530000
"({1, 6, 7}, 17)",43.440000,21.110000,33.870000,16.250000,18.320000,19.350000,22.970000,24.250000,16.520000,21.530000
"({1, 6, 7}, 16)",43.440000,21.110000,33.870000,16.250000,18.320000,19.350000,22.970000,24.250000,16.520000,21.530000
"({1, 6, 7}, 15)",43.440000,21.110000,33.870000,16.250000,18.320000,19.350000,22.970000,24.250000,16.520000,21.530000
"({1, 6, 7}, 14)",43.440000,21.110000,33.870000,16.250000,18.320000,19.350000,22.970000,24.250000,0,0
"({1, 6, 7}, 13)",43.440000,21.110000,33.870000,16.250000,18.320000,19.350000,22.970000,0,0,0
"({1, 6, 7}, 12)",43.440000,21.110000,33.870000,16.250000,18.320000,19.350000,22.970000,0,0,0
"({1, 6, 7}, 11)",43.440000,21.110000,33.870000,16.250000,18.320000,19.350000,0,0,0,0
"({1, 6, 7}, 10)",43.440000,21.110000,33.870000,16.250000,18.320000,19.350000,0,0,0,0
"({1, 6, 7}, 9)",43.440000,21.110000,33.870000,16.250000,0,0,0,0,0,0
"({1, 6, 7}, 8)",43.440000,21.110000,33.870000,16.250000,0,0,0,0,0,0
"({1, 6, 7}, 7)",43.440000,21.110000,33.870000,0,0,0,0,0,0,0
"({1, 6, 7}, 6)",43.440000,21.110000,0,0,0,0,0,0,0,0
"({1, 6, 7}, 5)",43.440000,21.110000,0,0,0,0,0,0,0,0
"({1, 5, 7}, 20)",8.380000,23.570000,23.860000,19.840000,8.460000,14.370000,25.100000,23.890000,13.210000,17.580000
"({1, 5, 7}, 19)",8.380000,23.570000,23.860000,19.840000,8.460000,14.370000,25.100000,23.890000,13.210000,17.580000
"({1, 5, 7}, 18)",8.380000,23.570000,23.860000,19.840000,8.460000,14.370000,25.100000,23.890000,13.210000,17.580000
"({1, 5, 7}, 17)",8.380000,23.570000,23.860000,19.840000,8.460000,14.370000,25.100000,23.890000,13.210000,17.580000
"({1, 5, 7}, 16)",8.380000,23.570000,23.860000,19.840000,8.460000,14.370000,25.100000,23.890000,13.210000,17.580000
"({1, 5, 7}, 15)",8.380000,23.570000,23.860000,19.840000,8.460000,14.370000,25.100000,23.890000,13.210000,17.580000
"({1, 5, 7}, 14)",8.380000,23.570000,23.860000,19.840000,8.460000,14.370000,25.100000,23.890000,0,0
"({1, 5, 7}, 13)",8.380000,23.570000,23.860000,19.840000,8.460000,14.370000,25.100000,0,0,0
"({1, 5, 7}, 12)",8.380000,23.570000,23.860000,19.840000,8.460000,14.370000,25.100000,0,0,0
"({1, 5, 7}, 11)",8.380000,23.570000,23.860000,19.840000,8.460000,14.370000,0,0,0,0
"({1, 5, 7}, 10)",8.380000,23.570000,23.860000,19.840000,8.460000,14.370000,0,0,0,0
"({1, 5, 7}, 9)",8.380000,23.570000,23.860000,19.840000,0,0,0,0,0,0
"({1, 5, 7}, 8)",8.380000,23.570000,23.860000,19.840000,0,0,0,0,0,0
"({1, 5, 7}, 7)",8.380000,23.570000,23.860000,0,0,0,0,0,0,0
"({1, 5, 7}, 6)",8.380000,23.570000,0,0,0,0,0,0,0,0
"({1, 5, 7}, 5)",8.380000,23.570000,0,0,0,0,0,0,0,0
"({1, 5, 6}, 20)",25.400000,20.630000,23.280000,18.680000,13.570000,14.070000,30.040000,39.240000,19.980000,28.980000
"({1, 5, 6}, 19)",25.400000,20.630000,23.280000,18.680000,13.570000,14.070000,30.040000,39.240000,19.980000,28.980000
"({1, 5, 6}, 18)",25.400000,20.630000,23.280000,18.680000,13.570000,14.070000,30.040000,39.240000,19.980000,28.980000
"({1, 5, 6}, 17)",25.400000,20.630000,23.280000,18.680000,13.570000,14.070000,30.040000,39.240000,19.980000,28.980000
"({1, 5, 6}, 16)",25.400000,20.630000,23.280000,18.680000,13.570000,14.070000,30.040000,39.240000,19.980000,28.980000
"({1, 5, 6}, 15)",25.400000,20.630000,23.280000,18.680000,13.570000,14.070000,30.040000,39.240000,19.980000,28.980000
"({1, 5, 6}, 14)",25.400000,20.630000,23.280000,18.680000,13.570000,14.070000,30.040000,39.240000,0,0
"({1, 5, 6}, 13)",25.400000,20.630000,23.280000,18.680000,13.570000,14.070000,30.040000,0,0,0
"({1, 5, 6}, 12)",25.400000,20.630000,23.280000,18.680000,13.570000,14.070000,30.040000,0,0,0
"({1, 5, 6}, 11)",25.400000,20.630000,23.280000,18.680000,13.570000,14.070000,0,0,0,0
"({1, 5, 6}, 10)",25.400000,20.630000,23.280000,18.680000,13.570000,14.070000,0,0,0,0
"({1, 5, 6}, 9)",25.400000,20.630000,23.280000,18.680000,0,0,0,0,0,0
"({1, 5, 6}, 8)",25.400000,20.630000,23.280000,18.680000,0,0,0,0,0,0
"({1, 5, 6}, 7)",25.400000,20.630000,23.280000,0,0,0,0,0,0,0
"({1, 5, 6}, 6)",25.400000,20.630000,0,0,0,0,0,0,0,0
"({1, 5, 6}, 5)",25.400000,20.630000,0,0,0,0,0,0,0,0
"({1, 4, 7}, 20)",16.360000,34.140000,17.560000,28.220000,17.500000,10.890000,29.800000,23.040000,14.550000,19.850000
"({1, 4, 7}, 19)",16.360000,34.140000,17.560000,28.220000,17.500000,10.890000,29.800000,23.040000,14.550000,19.850000
"({1, 4, 7}, 18)",16.360000,34.140000,17.560000,28.220000,17.500000,10.890000,29.800000,23.040000,14.550000,19.850000
"({1, 4, 7}, 17)",16.360000,34.140000,17.560000,28.220000,17.500000,10.890000,29.800000,23.040000,14.550000,19.850000
"({1, 4, 7}, 16)",16.360000,34.140000,17.560000,28.220000,17.500000,10.890000,29.800000,23.040000,14.550000,19.850000
"({1, 4, 7}, 15)",16.360000,34.140000,17.560000,28.220000,17.500000,10.890000,29.800000,23.040000,14.550000,19.850000
"({1, 4, 7}, 14)",16.360000,34.140000,17.560000,28.220000,17.500000,10.890000,29.800000,23.040000,0,0
"({1, 4, 7}, 13)",16.360000,34.140000,17.560000,28.220000,17.500000,10.890000,29.800000,0,0,0
"({1, 4, 7}, 12)",16.360000,34.140000,17.560000,28.220000,17.500000,10.890000,29.800000,0,0,0
"({1, 4, 7}, 11)",16.360000,34.140000,17.560000,28.220000,17.500000,10.890000,0,0,0,0
"({1, 4, 7}, 10)",16.360000,34.140000,17.560000,28.220000,17.500000,10.890000,0,0,0,0
"({1, 4, 7}, 9)",16.360000,34.140000,17.560000,28.220000,0,0,0,0,0,0
"({1, 4, 7}, 8)",16.360000,34.140000,17.560000,28.220000,0,0,0,0,0,0
"({1, 4, 7}, 7)",16.360000,34.140000,17.560000,0,0,0,0,0,0,0
"({1, 4, 7}, 6)",16.360000,34.140000,0,0,0,0,0,0,0,0
"({1, 4, 7}, 5)",16.360000,34.140000,0,0,0,0,0,0,0,0
"({1, 4, 6}, 20)",32.900000,27.580000,21.040000,20.580000,19.790000,14.880000,38.850000,46.500000,21.140000,30.640000
"({1, 4, 6}, 19)",32.900000,27.580000,21.040000,20.580000,19.790000,14.880000,38.850000,46.500000,21.140000,30.640000
"({1, 4, 6}, 18)",32.900000,27.580000,21.040000,20.580000,19.790000,14.880000,38.850000,46.500000,21.140000,30.640000
"({1, 4, 6}, 17)",32.900000,27.580000,21.040000,20.580000,19.790000,14.880000,38.850000,46.500000,21.140000,30.640000
"({1, 4, 6}, 16)",32.900000,27.580000,21.040000,20.580000,19.790000,14.880000,38.850000,46.500000,21.140000,30.640000
"({1, 4, 6}, 15)",32.900000,27.580000,21.040000,20.580000,19.790000,14.880000,38.850000,46.500000,21.140000,30.640000
"({1, 4, 6}, 14)",32.900000,27.580000,21.040000,20.580000,19.790000,14.880000,38.850000,46.500000,0,0
"({1, 4, 6}, 13)",32.900000,27.580000,21.040000,20.580000,19.790000,14.880000,38.850000,0,0,0
"({1, 4, 6}, 12)",32.900000,27.580000,21.040000,20.580000,19.790000,14.880000,38.850000,0,0,0
"({1, 4, 6}, 11)",32.900000,27.580000,21.040000,20.580000,19.790000,14.880000,0,0,0,0
"({1, 4, 6}, 10)",32.900000,27.580000,21.040000,20.580000,19.790000,14.880000,0,0,0,0
"({1, 4, 6}, 9)",32.900000,27.580000,21.040000,20.580000,0,0,0,0,0,0
"({1, 4, 6}, 8)",32.900000,27.580000,21.040000,20.580000,0,0,0,0,0,0
"({1, 4, 6}, 7)",32.900000,27.580000,21.040000,0,0,0,0,0,0,0
"({1, 4, 6}, 6)",32.900000,27.580000,0,0,0,0,0,0,0,0
"({1, 4, 6}, 5)",32.900000,27.580000,0,0,0,0,0,0,0,0
"({1, 4, 5}, 20)",25.460000,21.490000,11.780000,22.230000,9.740000,10.450000,29.250000,37.570000,24.020000,27.630000
"({1, 4, 5}, 19)",25.460000,21.490000,11.780000,22.230000,9.740000,10.450000,29.250000,37.570000,24.020000,27.630000
"({1, 4, 5}, 18)",25.460000,21.490000,11.780000,22.230000,9.740000,10.450000,29.250000,37.570000,24.020000,27.630000
"({1, 4, 5}, 17)",25.460000,21.490000,11.780000,22.230000,9.740000,10.450000,29.250000,37.570000,24.020000,27.630000
"({1, 4, 5}, 16)",25.460000,21.490000,11.780000,22.230000,9.740000,10.450000,29.250000,37.570000,24.020000,27.630000
"({1, 4, 5}, 15)",25.460000,21.490000,11.780000,22.230000,9.740000,10.450000,29.250000,37.570000,24.020000,27.630000
"({1, 4, 5}, 14)",25.460000,21.490000,11.780000,22.230000,9.740000,10.450000,29.250000,37.570000,0,0
"({1, 4, 5}, 13)",25.460000,21.490000,11.780000,22.230000,9.740000,10.450000,29.250000,0,0,0
"({1, 4, 5}, 12)",25.460000,21.490000,11.780000,22.230000,9.740000,10.450000,29.250000,0,0,0
"({1, 4, 5}, 11)",25.460000,21.490000,11.780000,22.230000,9.740000,10.450000,0,0,0,0
"({1, 4, 5}, 10)",25.460000,21.490000,11.780000,22.230000,9.740000,10.450000,0,0,0,0
"({1, 4, 5}, 9)",25.460000,21.490000,11.780000,22.230000,0,0,0,0,0,0
"({1, 4, 5}, 8)",25.460000,21.490000,11.780000,22.230000,0,0,0,0,0,0
"({1, 4, 5}, 7)",25.460000,21.490000,11.780000,0,0,0,0,0,0,0
"({1, 4, 5}, 6)",25.460000,21.490000,0,0,0,0,0,0,0,0
"({1, 4, 5}, 5)",25.460000,21.490000,0,0,0,0,0,0,0,0
"({1, 3, 7}, 20)",13.010000,6.950000,19.630000,18.020000,18.600000,10.060000,20.410000,23.900000,14.190000,16.530000
"({1, 3, 7}, 19)",13.010000,6.950000,19.630000,18.020000,18.600000,10.060000,20.410000,23.900000,14.190000,16.530000
"({1, 3, 7}, 18)",13.010000,6.950000,19.630000,18.020000,18.600000,10.060000,20.410000,23.900000,14.190000,16.530000
"({1, 3, 7}, 17)",13.010000,6.950000,19.630000,18.020000,18.600000,10.060000,20.410000,23.900000,14.190000,16.530000
"({1, 3, 7}, 16)",13.010000,6.950000,19.630000,18.020000,18.600000,10.060000,20.410000,23.900000,14.190000,16.530000
"({1, 3, 7}, 15)",13.010000,6.950000,19.630000,18.020000,18.600000,10.060000,20.410000,23.900000,14.190000,16.530000
"({1, 3, 7}, 14)",13.010000,6.950000,19.630000,18.020000,18.600000,10.060000,20.410000,23.900000,0,0
"({1, 3, 7}, 13)",13.010000,6.950000,19.630000,18.020000,18.600000,10.060000,20.410000,0,0,0
"({1, 3, 7}, 12)",13.010000,6.950000,19.630000,18.020000,18.600000,10.060000,20.410000,0,0,0
"({1, 3, 7}, 11)",13.010000,6.950000,19.630000,18.020000,18.600000,10.060000,0,0,0,0
"({1, 3, 7}, 10)",13.010000,6.950000,19.630000,18.020000,18.600000,10.060000,0,0,0,0
"({1, 3, 7}, 9)",13.010000,6.950000,19.630000,18.020000,0,0,0,0,0,0
"({1, 3, 7}, 8)",13.010000,6.950000,19.630000,18.020000,0,0,0,0,0,0
"({1, 3, 7}, 7)",13.010000,6.950000,19.630000,0,0,0,0,0,0,0
"({1, 3, 7}, 6)",13.010000,6.950000,0,0,0,0,0,0,0,0
"({1, 3, 7}, 5)",13.010000,6.950000,0,0,0,0,0,0,0,0
"({1, 3, 6}, 20)",31.960000,18.380000,23.050000,17.070000,19.230000,15.500000,35.040000,38.640000,21.760000,24.220000
"({1, 3, 6}, 19)",31.960000,18.380000,23.050000,17.070000,19.230000,15.500000,35.040000,38.640000,21.760000,24.220000
"({1, 3, 6}, 18)",31.960000,18.380000,23.050000,17.070000,19.230000,15.500000,35.040000,38.640000,21.760000,24.220000
"({1, 3, 6}, 17)",31.960000,18.380000,23.050000,17.070000,19.230000,15.500000,35.040000,38.640000,21.760000,24.220000
"({1, 3, 6}, 16)",31.960000,18.380000,23.050000,17.070000,19.230000,15.500000,35.040000,38.640000,21.760000,24.220000
"({1, 3, 6}, 15)",31.960000,18.380000,23.050000,17.070000,19.230000,15.500000,35.040000,38.640000,21.760000,24.220000
"({1, 3, 6}, 14)",31.960000,18.380000,23.050000,17.070000,19.230000,15.500000,35.040000,38.640000,0,0
"({1, 3, 6}, 13)",31.960000,18.380000,23.050000,17.070000,19.230000,15.500000,35.040000,0,0,0
"({1, 3, 6}, 12)",31.960000,18.380000,23.050000,17.070000,19.230000,15.500000,35.040000,0,0,0
"({1, 3, 6}, 11)",31.960000,18.380000,23.050000,17.070000,19.230000,15.500000,0,0,0,0
"({1, 3, 6}, 10)",31.960000,18.380000,23.050000,17.070000,19.230000,15.500000,0,0,0,0
"({1, 3, 6}, 9)",31.960000,18.380000,23.050000,17.070000,0,0,0,0,0,0
"({1, 3, 6}, 8)",31.960000,18.380000,23.050000,17.070000,0,0,0,0,0,0
"({1, 3, 6}, 7)",31.960000,18.380000,23.050000,0,0,0,0,0,0,0
"({1, 3, 6}, 6)",31.960000,18.380000,0,0,0,0,0,0,0,0
"({1, 3, 6}, 5)",31.960000,18.380000,0,0,0,0,0,0,0,0
"({1, 3, 5}, 20)",20.120000,6.580000,10.190000,15.500000,7.760000,8.540000,14.980000,33.030000,20.500000,20.120000
"({1, 3, 5}, 19)",20.120000,6.580000,10.190000,15.500000,7.760000,8.540000,14.980000,33.030000,20.500000,20.120000
"({1, 3, 5}, 18)",20.120000,6.580000,10.190000,15.500000,7.760000,8.540000,14.980000,33.030000,20.500000,20.120000
"({1, 3, 5}, 17)",20.120000,6.580000,10.190000,15.500000,7.760000,8.540000,14.980000,33.030000,20.500000,20.120000
"({1, 3, 5}, 16)",20.120000,6.580000,10.190000,15.500000,7.760000,8.540000,14.980000,33.030000,20.500000,20.120000
"({1, 3, 5}, 15)",20.120000,6.580000,10.190000,15.500000,7.760000,8.540000,14.980000,33.030000,20.500000,20.120000
"({1, 3, 5}, 14)",20.120000,6.580000,10.190000,15.500000,7.760000,8.540000,14.980000,33.030000,0,0
"({1, 3, 5}, 13)",20.120000,6.580000,10.190000,15.500000,7.760000,8.540000,14.980000,0,0,0
"({1, 3, 5}, 12)",20.120000,6.580000,10.190000,15.500000,7.760000,8.540000,14.980000,0,0,0
"({1, 3, 5}, 11)",20.120000,6.580000,10.190000,15.500000,7.760000,8.540000,0,0,0,0
"({1, 3, 5}, 10)",20.120000,6.580000,10.190000,15.500000,7.760000,8.540000,0,0,0,0
"({1, 3, 5}, 9)",20.120000,6.580000,10.190000,15.500000,0,0,0,0,0,0
"({1, 3, 5}, 8)",20.120000,6.580000,10.190000,15.500000,0,0,0,0,0,0
"({1, 3, 5}, 7)",20.120000,6.580000,10.190000,0,0,0,0,0,0,0
"({1, 3, 5}, 6)",20.120000,6.580000,0,0,0,0,0,0,0,0
"({1, 3, 5}, 5)",20.120000,6.580000,0,0,0,0,0,0,0,0
"({1, 3, 4}, 20)",27.110000,23.690000,14.900000,16.320000,13.550000,12.170000,26.890000,29.880000,22.660000,27.140000
"({1, 3, 4}, 19)",27.110000,23.690000,14.900000,16.320000,13.550000,12.170000,26.890000,29.880000,22.660000,27.140000
"({1, 3, 4}, 18)",27.110000,23.690000,14.900000,16.320000,13.550000,12.170000,26.890000,29.880000,22.660000,27.140000
"({1, 3, 4}, 17)",27.110000,23.690000,14.900000,16.320000,13.550000,12.170000,26.890000,29.880000,22.660000,27.140000
"({1, 3, 4}, 16)",27.110000,23.690000,14.900000,16.320000,13.550000,12.170000,26.890000,29.880000,22.660000,27.140000
"({1, 3, 4}, 15)",27.110000,23.690000,14.900000,16.320000,13.550000,12.170000,26.890000,29.880000,22.660000,27.140000
"({1, 3, 4}, 14)",27.110000,23.690000,14.900000,16.320000,13.550000,12.170000,26.890000,29.880000,0,0
"({1, 3, 4}, 13)",27.110000,23.690000,14.900000,16.320000,13.550000,12.170000,26.890000,0,0,0
"({1, 3, 4}, 12)",27.110000,23.690000,14.900000,16.320000,13.550000,12.170000,26.890000,0,0,0
"({1, 3, 4}, 11)",27.110000,23.690000,14.900000,16.320000,13.550000,12.170000,0,0,0,0
"({1, 3, 4}, 10)",27.110000,23.690000,14.900000,16.320000,13.550000,12.170000,0,0,0,0
"({1, 3, 4}, 9)",27.110000,23.690000,14.900000,16.320000,0,0,0,0,0,0
"({1, 3, 4}, 8)",27.110000,23.690000,14.900000,16.320000,0,0,0,0,0,0
"({1, 3, 4}, 7)",27.110000,23.690000,14.900000,0,0,0,0,0,0,0
"({1, 3, 4}, 6)",27.110000,23.690000,0,0,0,0,0,0,0,0
"({1, 3, 4}, 5)",27.110000,23.690000,0,0,0,0,0,0,0,0
"({1, 2, 7}, 20)",11.360000,28.430000,19.400000,31.070000,11.840000,14.740000,19.590000,13.430000,15.720000,17.400000
"({1, 2, 7}, 19)",11.360000,28.430000,19.400000,31.070000,11.840000,14.740000,19.590000,13.430000,15.720000,17.400000
"({1, 2, 7}, 18)",11.360000,28.430000,19.400000,31.070000,11.840000,14.740000,19.590000,13.430000,15.720000,17.400000
"({1, 2, 7}, 17)",11.360000,28.430000,19.400000,31.070000,11.840000,14.740000,19.590000,13.430000,15.720000,17.400000
"({1, 2, 7}, 16)",11.360000,28.430000,19.400000,31.070000,11.840000,14.740000,19.590000,13.430000,15.720000,17.400000
"({1, 2, 7}, 15)",11.360000,28.430000,19.400000,31.070000,11.840000,14.740000,19.590000,13.430000,15.720000,17.400000
"({1, 2, 7}, 14)",11.360000,28.430000,19.400000,31.070000,11.840000,14.740000,19.590000,13.430000,0,0
"({1, 2, 7}, 13)",11.360000,28.430000,19.400000,31.070000,11.840000,14.740000,19.590000,0,0,0
"({1, 2, 7}, 12)",11.360000,28.430000,19.400000,31.070000,11.840000,14.740000,19.590000,0,0,0
"({1, 2, 7}, 11)",11.360000,28.430000,19.400000,31.070000,11.840000,14.740000,0,0,0,0
"({1, 2, 7}, 10)",11.360000,28.430000,19.400000,31.070000,11.840000,14.740000,0,0,0,0
"({1, 2, 7}, 9)",11.360000,28.430000,19.400000,31.070000,0,0,0,0,0,0
"({1, 2, 7}, 8)",11.360000,28.430000,19.400000,31.070000,0,0,0,0,0,0
"({1, 2, 7}, 7)",11.360000,28.430000,19.400000,0,0,0,0,0,0,0
"({1, 2, 7}, 6)",11.360000,28.430000,0,0,0,0,0,0,0,0
"({1, 2, 7}, 5)",11.360000,28.430000,0,0,0,0,0,0,0,0
"({1, 2, 6}, 20)",31.890000,34.900000,18.050000,21.190000,12.350000,13.280000,21.570000,23.330000,19.980000,19.500000
"({1, 2, 6}, 19)",31.890000,34.900000,18.050000,21.190000,12.350000,13.280000,21.570000,23.330000,19.980000,19.500000
"({1, 2, 6}, 18)",31.890000,34.900000,18.050000,21.190000,12.350000,13.280000,21.570000,23.330000,19.980000,19.500000
"({1, 2, 6}, 17)",31.890000,34.900000,18.050000,21.190000,12.350000,13.280000,21.570000,23.330000,19.980000,19.500000
"({1, 2, 6}, 16)",31.890000,34.900000,18.050000,21.190000,12.350000,13.280000,21.570000,23.330000,19.980000,19.500000
"({1, 2, 6}, 15)",31.890000,34.900000,18.050000,21.190000,12.350000,13.280000,21.570000,23.330000,19.980000,19.500000
"({1, 2, 6}, 14)",31.890000,34.900000,18.050000,21.190000,12.350000,13.280000,21.570000,23.330000,0,0
"({1, 2, 6}, 13)",31.890000,34.900000,18.050000,21.190000,12.350000,13.280000,21.570000,0,0,0
"({1, 2, 6}, 12)",31.890000,34.900000,18.050000,21.190000,12.350000,13.280000,21.570000,0,0,0
"({1, 2, 6}, 11)",31.890000,34.900000,18.050000,21.190000,12.350000,13.280000,0,0,0,0
"({1, 2, 6}, 10)",31.890000,34.900000,18.050000,21.190000,12.350000,13.280000,0,0,0,0
"({1, 2, 6}, 9)",31.890000,34.900000,18.050000,21.190000,0,0,0,0,0,0
"({1, 2, 6}, 8)",31.890000,34.900000,18.050000,21.190000,0,0,0,0,0,0
"({1, 2, 6}, 7)",31.890000,34.900000,18.050000,0,0,0,0,0,0,0
"({1, 2, 6}, 6)",31.890000,34.900000,0,0,0,0,0,0,0,0
"({1, 2, 6}, 5)",31.890000,34.900000,0,0,0,0,0,0,0,0
"({1, 2, 5}, 20)",26.530000,31.010000,18.250000,23.460000,10.420000,12.890000,21.400000,27.570000,16.350000,19.660000
"({1, 2, 5}, 19)",26.530000,31.010000,18.250000,23.460000,10.420000,12.890000,21.400000,27.570000,16.350000,19.660000
"({1, 2, 5}, 18)",26.530000,31.010000,18.250000,23.460000,10.420000,12.890000,21.400000,27.570000,16.350000,19.660000
"({1, 2, 5}, 17)",26.530000,31.010000,18.250000,23.460000,10.420000,12.890000,21.400000,27.570000,16.350000,19.660000
"({1, 2, 5}, 16)",26.530000,31.010000,18.250000,23.460000,10.420000,12.890000,21.400000,27.570000,16.350000,19.660000
"({1, 2, 5}, 15)",26.530000,31.010000,18.250000,23.460000,10.420000,12.890000,21.400000,27.570000,16.350000,19.660000
"({1, 2, 5}, 14)",26.530000,31.010000,18.250000,23.460000,10.420000,12.890000,21.400000,27.570000,0,0
"({1, 2, 5}, 13)",26.530000,31.010000,18.250000,23.460000,10.420000,12.890000,21.400000,0,0,0
"({1, 2, 5}, 12)",26.530000,31.010000,18.250000,23.460000,10.420000,12.890000,21.400000,0,0,0
"({1, 2, 5}, 11)",26.530000,31.010000,18.250000,23.460000,10.420000,12.890000,0,0,0,0
"({1, 2, 5}, 10)",26.530000,31.010000,18.250000,23.460000,10.420000,12.890000,0,0,0,0
"({1, 2, 5}, 9)",26.530000,31.010000,18.250000,23.460000,0,0,0,0,0,0
"({1, 2, 5}, 8)",26.530000,31.010000,18.250000,23.460000,0,0,0,0,0,0
"({1, 2, 5}, 7)",26.530000,31.010000,18.250000,0,0,0,0,0,0,0
"({1, 2, 5}, 6)",26.530000,31.010000,0,0,0,0,0,0,0,0
"({1, 2, 5}, 5)",26.530000,31.010000,0,0,0,0,0,0,0,0
"({1, 2, 4}, 20)",31.240000,42.830000,10.910000,23.860000,11.540000,12.120000,23.260000,28.940000,16.210000,22.380000
"({1, 2, 4}, 19)",31.240000,42.830000,10.910000,23.860000,11.540000,12.120000,23.260000,28.940000,16.210000,22.380000
"({1, 2, 4}, 18)",31.240000,42.830000,10.910000,23.860000,11.540000,12.120000,23.260000,28.940000,16.210000,22.380000
"({1, 2, 4}, 17)",31.240000,42.830000,10.910000,23.860000,11.540000,12.120000,23.260000,28.940000,16.210000,22.380000
"({1, 2, 4}, 16)",31.240000,42.830000,10.910000,23.860000,11.540000,12.120000,23.260000,28.940000,16.210000,22.380000
"({1, 2, 4}, 15)",31.240000,42.830000,10.910000,23.860000,11.540000,12.120000,23.260000,28.940000,16.210000,22.380000
"({1, 2, 4}, 14)",31.240000,42.830000,10.910000,23.860000,11.540000,12.120000,23.260000,28.940000,0,0
"({1, 2, 4}, 13)",31.240000,42.830000,10.910000,23.860000,11.540000,12.120000,23.260000,0,0,0
"({1, 2, 4}, 12)",31.240000,42.830000,10.910000,23.860000,11.540000,12.120000,23.260000,0,0,0
"({1, 2, 4}, 11)",31.240000,42.830000,10.910000,23.860000,11.540000,12.120000,0,0,0,0
"({1, 2, 4}, 10)",31.240000,42.830000,10.910000,23.860000,11.540000,12.120000,0,0,0,0
"({1, 2, 4}, 9)",31.240000,42.830000,10.910000,23.860000,0,0,0,0,0,0
"({1, 2, 4}, 8)",31.240000,42.830000,10.910000,23.860000,0,0,0,0,0,0
"({1, 2, 4}, 7)",31.240000,42.830000,10.910000,0,0,0,0,0,0,0
"({1, 2, 4}, 6)",31.240000,42.830000,0,0,0,0,0,0,0,0
"({1, 2, 4}, 5)",31.240000,42.830000,0,0,0,0,0,0,0,0
"({1, 2, 3}, 20)",28.110000,24.540000,9.320000,17.400000,9.240000,10.260000,14.340000,23.580000,12.250000,16.010000
"({1, 2, 3}, 19)",28.110000,24.540000,9.320000,17.400000,9.240000,10.260000,14.340000,23.580000,12.250000,16.010000
"({1, 2, 3}, 18)",28.110000,24.540000,9.320000,17.400000,9.240000,10.260000,14.340000,23.580000,12.250000,16.010000
"({1, 2, 3}, 17)",28.110000,24.540000,9.320000,17.400000,9.240000,10.260000,14.340000,23.580000,12.250000,16.010000
"({1, 2, 3}, 16)",28.110000,24.540000,9.320000,17.400000,9.240000,10.260000,14.340000,23.580000,12.250000,16.010000
"({1, 2, 3}, 15)",28.110000,24.540000,9.320000,17.400000,9.240000,10.260000,14.340000,23.580000,12.250000,16.010000
"({1, 2, 3}, 14)",28.110000,24.540000,9.320000,17.400000,9.240000,10.260000,14.340000,23.580000,0,0
"({1, 2, 3}, 13)",28.110000,24.540000,9.320000,17.400000,9.240000,10.260000,14.340000,0,0,0
"({1, 2, 3}, 12)",28.110000,24.540000,9.320000,17.400000,9.240000,10.260000,14.340000,0,0,0
"({1, 2, 3}, 11)",28.110000,24.540000,9.320000,17.400000,9.240000,10.260000,0,0,0,0
"({1, 2, 3}, 10)",28.110000,24.540000,9.320000,17.400000,9.240000,10.260000,0,0,0,0
"({1, 2, 3}, 9)",28.110000,24.540000,9.320000,17.400000,0,0,0,0,0,0
"({1, 2, 3}, 8)",28.110000,24.540000,9.320000,17.400000,0,0,0,0,0,0
"({1, 2, 3}, 7)",28.110000,24.540000,9.320000,0,0,0,0,0,0,0
"({1, 2, 3}, 6)",28.110000,24.540000,0,0,0,0,0,0,0,0
"({1, 2, 3}, 5)",28.110000,24.540000,0,0,0,0,0,0,0,0
"({1, 7}, 20)",7.150000,8.300000,7.760000,7.710000,8.200000,10.110000,10.770000,14.260000,12.070000,14.770000
"({1, 7}, 19)",7.150000,8.300000,7.760000,7.710000,8.200000,10.110000,10.770000,14.260000,12.070000,14.770000
"({1, 7}, 18)",7.150000,8.300000,7.760000,7.710000,8.200000,10.110000,10.770000,14.260000,12.070000,14.770000
"({1, 7}, 17)",7.150000,8.300000,7.760000,7.710000,8.200000,10.110000,10.770000,14.260000,12.070000,14.770000
"({1, 7}, 16)",7.150000,8.300000,7.760000,7.710000,8.200000,10.110000,10.770000,14.260000,12.070000,14.770000
"({1, 7}, 15)",7.150000,8.300000,7.760000,7.710000,8.200000,10.110000,10.770000,14.260000,12.070000,14.770000
"({1, 7}, 14)",7.150000,8.300000,7.760000,7.710000,8.200000,10.110000,10.770000,14.260000,0,0
"({1, 7}, 13)",7.150000,8.300000,7.760000,7.710000,8.200000,10.110000,10.770000,0,0,0
"({1, 7}, 12)",7.150000,8.300000,7.760000,7.710000,8.200000,10.110000,10.770000,0,0,0
"({1, 7}, 11)",7.150000,8.300000,7.760000,7.710000,8.200000,10.110000,0,0,0,0
"({1, 7}, 10)",7.150000,8.300000,7.760000,7.710000,8.200000,10.110000,0,0,0,0
"({1, 7}, 9)",7.150000,8.300000,7.760000,7.710000,0,0,0,0,0,0
"({1, 7}, 8)",7.150000,8.300000,7.760000,7.710000,0,0,0,0,0,0
"({1, 7}, 7)",7.150000,8.300000,7.760000,0,0,0,0,0,0,0
"({1, 7}, 6)",7.150000,8.300000,0,0,0,0,0,0,0,0
"({1, 7}, 5)",7.150000,8.300000,0,0,0,0,0,0,0,0
"({1, 6}, 20)",6.370000,6.860000,8.160000,8.430000,7.820000,9.600000,11.770000,18.100000,13.640000,27.550000
"({1, 6}, 19)",6.370000,6.860000,8.160000,8.430000,7.820000,9.600000,11.770000,18.100000,13.640000,27.550000
"({1, 6}, 18)",6.370000,6.860000,8.160000,8.430000,7.820000,9.600000,11.770000,18.100000,13.640000,27.550000
"({1, 6}, 17)",6.370000,6.860000,8.160000,8.430000,7.820000,9.600000,11.770000,18.100000,13.640000,27.550000
"({1, 6}, 16)",6.370000,6.860000,8.160000,8.430000,7.820000,9.600000,11.770000,18.100000,13.640000,27.550000
"({1, 6}, 15)",6.370000,6.860000,8.160000,8.430000,7.820000,9.600000,11.770000,18.100000,13.640000,27.550000
"({1, 6}, 14)",6.370000,6.860000,8.160000,8.430000,7.820000,9.600000,11.770000,18.100000,0,0
"({1, 6}, 13)",6.370000,6.860000,8.160000,8.430000,7.820000,9.600000,11.770000,0,0,0
"({1, 6}, 12)",6.370000,6.860000,8.160000,8.430000,7.820000,9.600000,11.770000,0,0,0
"({1, 6}, 11)",6.370000,6.860000,8.160000,8.430000,7.820000,9.600000,0,0,0,0
"({1, 6}, 10)",6.370000,6.860000,8.160000,8.430000,7.820000,9.600000,0,0,0,0
"({1, 6}, 9)",6.370000,6.860000,8.160000,8.430000,0,0,0,0,0,0
"({1, 6}, 8)",6.370000,6.860000,8.160000,8.430000,0,0,0,0,0,0
"({1, 6}, 7)",6.370000,6.860000,8.160000,0,0,0,0,0,0,0
"({1, 6}, 6)",6.370000,6.860000,0,0,0,0,0,0,0,0
"({1, 6}, 5)",6.370000,6.860000,0,0,0,0,0,0,0,0
"({1, 5}, 20)",6.640000,6.120000,8.720000,8.190000,7.930000,10.170000,10.300000,16.760000,12.570000,41.900000
"({1, 5}, 19)",6.640000,6.120000,8.720000,8.190000,7.930000,10.170000,10.300000,16.760000,12.570000,41.900000
"({1, 5}, 18)",6.640000,6.120000,8.720000,8.190000,7.930000,10.170000,10.300000,16.760000,12.570000,41.900000
"({1, 5}, 17)",6.640000,6.120000,8.720000,8.190000,7.930000,10.170000,10.300000,16.760000,12.570000,41.900000
"({1, 5}, 16)",6.640000,6.120000,8.720000,8.190000,7.930000,10.170000,10.300000,16.760000,12.570000,41.900000
"({1, 5}, 15)",6.640000,6.120000,8.720000,8.190000,7.930000,10.170000,10.300000,16.760000,12.570000,41.900000
"({1, 5}, 14)",6.640000,6.120000,8.720000,8.190000,7.930000,10.170000,10.300000,16.760000,0,0
"({1, 5}, 13)",6.640000,6.120000,8.720000,8.190000,7.930000,10.170000,10.300000,0,0,0
"({1, 5}, 12)",6.640000,6.120000,8.720000,8.190000,7.930000,10.170000,10.300000,0,0,0
"({1, 5}, 11)",6.640000,6.120000,8.720000,8.190000,7.930000,10.170000,0,0,0,0
"({1, 5}, 10)",6.640000,6.120000,8.720000,8.190000,7.930000,10.170000,0,0,0,0
"({1, 5}, 9)",6.640000,6.120000,8.720000,8.190000,0,0,0,0,0,0
"({1, 5}, 8)",6.640000,6.120000,8.720000,8.190000,0,0,0,0,0,0
"({1, 5}, 7)",6.640000,6.120000,8.720000,0,0,0,0,0,0,0
"({1, 5}, 6)",6.640000,6.120000,0,0,0,0,0,0,0,0
"({1, 5}, 5)",6.640000,6.120000,0,0,0,0,0,0,0,0
"({1, 4}, 20)",6.780000,6.370000,9.410000,7.510000,10.240000,13.610000,11.360000,14.730000,12.530000,62.580000
"({1, 4}, 19)",6.780000,6.370000,9.410000,7.510000,10.240000,13.610000,11.360000,14.730000,12.530000,62.580000
"({1, 4}, 18)",6.780000,6.370000,9.410000,7.510000,10.240000,13.610000,11.360000,14.730000,12.530000,62.580000
"({1, 4}, 17)",6.780000,6.370000,9.410000,7.510000,10.240000,13.610000,11.360000,14.730000,12.530000,62.580000
"({1, 4}, 16)",6.780000,6.370000,9.410000,7.510000,10.240000,13.610000,11.360000,14.730000,12.530000,62.580000
"({1, 4}, 15)",6.780000,6.370000,9.410000,7.510000,10.240000,13.610000,11.360000,14.730000,12.530000,62.580000
"({1, 4}, 14)",6.780000,6.370000,9.410000,7.510000,10.240000,13.610000,11.360000,14.730000,0,0
"({1, 4}, 13)",6.780000,6.370000,9.410000,7.510000,10.240000,13.610000,11.360000,0,0,0
"({1, 4}, 12)",6.780000,6.370000,9.410000,7.510000,10.240000,13.610000,11.360000,0,0,0
"({1, 4}, 11)",6.780000,6.370000,9.410000,7.510000,10.240000,13.610000,0,0,0,0
"({1, 4}, 10)",6.780000,6.370000,9.410000,7.510000,10.240000,13.610000,0,0,0,0
"({1, 4}, 9)",6.780000,6.370000,9.410000,7.510000,0,0,0,0,0,0
"({1, 4}, 8)",6.780000,6.370000,9.410000,7.510000,0,0,0,0,0,0
"({1, 4}, 7)",6.780000,6.370000,9.410000,0,0,0,0,0,0,0
"({1, 4}, 6)",6.780000,6.370000,0,0,0,0,0,0,0,0
"({1, 4}, 5)",6.780000,6.370000,0,0,0,0,0,0,0,0
"({1, 3}, 20)",6.110000,6.170000,10.160000,6.870000,7.710000,9.940000,10.870000,13.020000,10.980000,49.280000
"({1, 3}, 19)",6.110000,6.170000,10.160000,6.870000,7.710000,9.940000,10.870000,13.020000,10.980000,49.280000
"({1, 3}, 18)",6.110000,6.170000,10.160000,6.870000,7.710000,9.940000,10.870000,13.020000,10.980000,49.280000
"({1, 3}, 17)",6.110000,6.170000,10.160000,6.870000,7.710000,9.940000,10.870000,13.020000,10.980000,49.280000
"({1, 3}, 16)",6.110000,6.170000,10.160000,6.870000,7.710000,9.940000,10.870000,13.020000,10.980000,49.280000
"({1, 3}, 15)",6.110000,6.170000,10.160000,6.870000,7.710000,9.940000,10.870000,13.020000,10.980000,49.280000
"({1, 3}, 14)",6.110000,6.170000,10.160000,6.870000,7.710000,9.940000,10.870000,13.020000,0,0
"({1, 3}, 13)",6.110000,6.170000,10.160000,6.870000,7.710000,9.940000,10.870000,0,0,0
"({1, 3}, 12)",6.110000,6.170000,10.160000,6.870000,7.710000,9.940000,10.870000,0,0,0
"({1, 3}, 11)",6.110000,6.170000,10.160000,6.870000,7.710000,9.940000,0,0,0,0
"({1, 3}, 10)",6.110000,6.170000,10.160000,6.870000,7.710000,9.940000,0,0,0,0
"({1, 3}, 9)",6.110000,6.170000,10.160000,6.870000,0,0,0,0,0,0
"({1, 3}, 8)",6.110000,6.170000,10.160000,6.870000,0,0,0,0,0,0
"({1, 3}, 7)",6.110000,6.170000,10.160000,0,0,0,0,0,0,0
"({1, 3}, 6)",6.110000,6.170000,0,0,0,0,0,0,0,0
"({1, 3}, 5)",6.110000,6.170000,0,0,0,0,0,0,0,0
"({1, 2}, 20)",5.890000,6.360000,8.580000,8.020000,7.650000,8.940000,9.800000,12.380000,11.560000,26.560000
"({1, 2}, 19)",5.890000,6.360000,8.580000,8.020000,7.650000,8.940000,9.800000,12.380000,11.560000,26.560000
"({1, 2}, 18)",5.890000,6.360000,8.580000,8.020000,7.650000,8.940000,9.800000,12.380000,11.560000,26.560000
"({1, 2}, 17)",5.890000,6.360000,8.580000,8.020000,7.650000,8.940000,9.800000,12.380000,11.560000,26.560000
"({1, 2}, 16)",5.890000,6.360000,8.580000,8.020000,7.650000,8.940000,9.800000,12.380000,11.560000,26.560000
"({1, 2}, 15)",5.890000,6.360000,8.580000,8.020000,7.650000,8.940000,9.800000,12.380000,11.560000,26.560000
"({1, 2}, 14)",5.890000,6.360000,8.580000,8.020000,7.650000,8.940000,9.800000,12.380000,0,0
"({1, 2}, 13)",5.890000,6.360000,8.580000,8.020000,7.650000,8.940000,9.800000,0,0,0
"({1, 2}, 12)",5.890000,6.360000,8.580000,8.020000,7.650000,8.940000,9.800000,0,0,0
"({1, 2}, 11)",5.890000,6.360000,8.580000,8.020000,7.650000,8.940000,0,0,0,0
"({1, 2}, 10)",5.890000,6.360000,8.580000,8.020000,7.650000,8.940000,0,0,0,0
"({1, 2}, 9)",5.890000,6.360000,8.580000,8.020000,0,0,0,0,0,0
"({1, 2}, 8)",5.890000,6.360000,8.580000,8.020000,0,0,0,0,0,0
"({1, 2}, 7)",5.890000,6.360000,8.580000,0,0,0,0,0,0,0
"({1, 2}, 6)",5.890000,6.360000,0,0,0,0,0,0,0,0
"({1, 2}, 5)",5.890000,6.360000,0,0,0,0,0,0,0,0
"({1}, 20)",4.130000,4.380000,5.380000,6.990000,6.760000,8.310000,9.590000,10.840000,11.300000,13.790000
"({1}, 19)",4.130000,4.380000,5.380000,6.990000,6.760000,8.310000,9.590000,10.840000,11.300000,13.790000
"({1}, 18)",4.130000,4.380000,5.380000,6.990000,6.760000,8.310000,9.590000,10.840000,11.300000,13.790000
"({1}, 17)",4.130000,4.380000,5.380000,6.990000,6.760000,8.310000,9.590000,10.840000,11.300000,13.790000
"({1}, 16)",4.130000,4.380000,5.380000,6.990000,6.760000,8.310000,9.590000,10.840000,11.300000,13.790000
"({1}, 15)",4.130000,4.380000,5.380000,6.990000,6.760000,8.310000,9.590000,10.840000,11.300000,13.790000
"({1}, 14)",4.130000,4.380000,5.380000,6.990000,6.760000,8.310000,9.590000,10.840000,0,0
"({1}, 13)",4.130000,4.380000,5.380000,6.990000,6.760000,8.310000,9.590000,0,0,0
"({1}, 12)",4.130000,4.380000,5.380000,6.990000,6.760000,8.310000,9.590000,0,0,0
"({1}, 11)",4.130000,4.380000,5.380000,6.990000,6.760000,8.310000,0,0,0,0
"({1}, 10)",4.130000,4.380000,5.380000,6.990000,6.760000,8.310000,0,0,0,0
"({1}, 9)",4.130000,4.380000,5.380000,6.990000,0,0,0,0,0,0
"({1}, 8)",4.130000,4.380000,5.380000,6.990000,0,0,0,0,0,0
"({1}, 7)",4.130000,4.380000,5.380000,0,0,0,0,0,0,0
"({1}, 6)",4.130000,4.380000,0,0,0,0,0,0,0,0
"({1}, 5)",4.130000,4.380000,0,0,0,0,0,0,0,0
