state,Period 1 ET Cost,Period 2 ET Cost,Period 3 ET Cost,Period 4 ET Cost,Period 5 ET Cost
"({1, 2, 3, 4, 5}, 10)",,,,,
"({1, 2, 3, 4, 5}, 9)",,,,,0
"({1, 2, 3, 4, 5}, 8)",,,,0,0
"({1, 2, 3, 4, 5}, 7)",,,,0,0
"({1, 2, 3, 4, 5}, 6)",,,0,0,0
"({1, 2, 3, 4, 5}, 5)",,0,0,0,0
"({1, 3, 4, 5}, 10)",,,,,
"({1, 3, 4, 5}, 9)",,,,,0
"({1, 3, 4, 5}, 8)",,,,0,0
"({1, 3, 4, 5}, 7)",,,,0,0
"({1, 3, 4, 5}, 6)",,,0,0,0
"({1, 3, 4, 5}, 5)",,0,0,0,0
"({1, 2, 4, 5}, 10)",,,,,
"({1, 2, 4, 5}, 9)",,,,,0
"({1, 2, 4, 5}, 8)",,,,0,0
"({1, 2, 4, 5}, 7)",,,,0,0
"({1, 2, 4, 5}, 6)",,,0,0,0
"({1, 2, 4, 5}, 5)",,0,0,0,0
"({1, 2, 3, 5}, 10)",,,,,
"({1, 2, 3, 5}, 9)",,,,,0
"({1, 2, 3, 5}, 8)",,,,0,0
"({1, 2, 3, 5}, 7)",,,,0,0
"({1, 2, 3, 5}, 6)",,,0,0,0
"({1, 2, 3, 5}, 5)",,0,0,0,0
"({1, 2, 3, 4}, 10)",,,,,
"({1, 2, 3, 4}, 9)",,,,,0
"({1, 2, 3, 4}, 8)",,,,0,0
"({1, 2, 3, 4}, 7)",,,,0,0
"({1, 2, 3, 4}, 6)",,,0,0,0
"({1, 2, 3, 4}, 5)",,0,0,0,0
"({1, 4, 5}, 10)",,,,,
"({1, 4, 5}, 9)",,,,,0
"({1, 4, 5}, 8)",,,,0,0
"({1, 4, 5}, 7)",,,,0,0
"({1, 4, 5}, 6)",,,0,0,0
"({1, 4, 5}, 5)",,0,0,0,0
"({1, 3, 5}, 10)",,,,,
"({1, 3, 5}, 9)",,,,,0
"({1, 3, 5}, 8)",,,,0,0
"({1, 3, 5}, 7)",,,,0,0
"({1, 3, 5}, 6)",,,0,0,0
"({1, 3, 5}, 5)",,0,0,0,0
"({1, 3, 4}, 10)",,,,,
"({1, 3, 4}, 9)",,,,,0
"({1, 3, 4}, 8)",,,,0,0
"({1, 3, 4}, 7)",,,,0,0
"({1, 3, 4}, 6)",,,0,0,0
"({1, 3, 4}, 5)",,0,0,0,0
"({1, 2, 5}, 10)",,,,,
"({1, 2, 5}, 9)",,,,,0
"({1, 2, 5}, 8)",,,,0,0
"({1, 2, 5}, 7)",,,,0,0
"({1, 2, 5}, 6)",,,0,0,0
"({1, 2, 5}, 5)",,0,0,0,0
"({1, 2, 4}, 10)",,,,,
"({1, 2, 4}, 9)",,,,,0
"({1, 2, 4}, 8)",,,,0,0
"({1, 2, 4}, 7)",,,,0,0
"({1, 2, 4}, 6)",,,0,0,0
"({1, 2, 4}, 5)",,0,0,0,0
"({1, 2, 3}, 10)",,,,,
"({1, 2, 3}, 9)",,,,,0
"({1, 2, 3}, 8)",,,,0,0
"({1, 2, 3}, 7)",,,,0,0
"({1, 2, 3}, 6)",,,0,0,0
"({1, 2, 3}, 5)",,0,0,0,0
"({1, 5}, 10)",,,,,
"({1, 5}, 9)",,,,,0
"({1, 5}, 8)",,,,0,0
"({1, 5}, 7)",,,,0,0
"({1, 5}, 6)",,,0,0,0
"({1, 5}, 5)",,0,0,0,0
"({1, 4}, 10)",,,,,
"({1, 4}, 9)",,,,,0
"({1, 4}, 8)",,,,0,0
"({1, 4}, 7)",,,,0,0
"({1, 4}, 6)",,,0,0,0
"({1, 4}, 5)",,0,0,0,0
"({1, 3}, 10)",,,,,
"({1, 3}, 9)",,,,,0
"({1, 3}, 8)",,,,0,0
"({1, 3}, 7)",,,,0,0
"({1, 3}, 6)",,,0,0,0
"({1, 3}, 5)",,0,0,0,0
"({1, 2}, 10)",,,,,
"({1, 2}, 9)",,,,,0
"({1, 2}, 8)",,,,0,0
"({1, 2}, 7)",,,,0,0
"({1, 2}, 6)",,,0,0,0
"({1, 2}, 5)",,0,0,0,0
"({1}, 10)",,,,,
"({1}, 9)",,,,,0
"({1}, 8)",,,,0,0
"({1}, 7)",,,,0,0
"({1}, 6)",,,0,0,0
"({1}, 5)",,0,0,0,0
