Node,Service Time
1,41.59
2,48.12
3,42.52
5,49.58
8,44.82
10,49.5
11,45.76
12,45.96
13,42.08
16,43.3
17,50.91
19,46.03
20,52.02
21,41.14
23,42.44
24,49.74
26,46.27
27,54.96
28,52.52
29,50.85
30,48.29
31,49.62
32,42.56
33,53.53
37,41.7
40,41.85
41,45.35
43,44.32
44,40.4
45,52.26
46,46.73
49,43.63
50,46.31
52,52.34
56,46.05
57,42.76
59,53.72
61,47.0
62,51.53
63,41.93
65,45.12
66,54.22
67,40.96
68,54.12
69,46.27
70,42.93
73,44.69
74,45.42
75,50.57
76,44.96
77,40.99
79,48.62
82,53.72
83,48.84
84,47.81
86,52.13
87,50.68
97,54.15
98,40.66
105,48.7
106,52.02
109,53.61
110,51.73
111,42.76
113,50.71
118,50.0
119,50.42
123,43.79
128,54.04
129,53.1
132,46.72
133,44.32
134,50.55
135,51.76
138,44.13
142,52.65
143,49.05
144,53.26
146,51.28
147,42.57
60,41.16
4,42.15
115,47.07
14,45.97
122,44.8
53,54.97
35,50.21
91,54.39
107,54.74
38,49.96
