from_node ID,to_node ID,Distance (miles),Time (minutes)
44.0,11.0,6.63,15.91
43.0,68.0,7.03,16.87
70.0,43.0,5.66,13.59
68.0,44.0,6.34,15.23
52.0,69.0,5.08,12.19
69.0,110.0,13.37,32.09
127.0,70.0,2.38,5.71
102.0,79.0,7.48,17.96
79.0,127.0,4.85,11.65
110.0,102.0,4.89,11.73
11.0,151.0,44.74,107.37
151.0,52.0,55.61,133.45
164.0,165.0,0.0,0.0
151.0,164.0,41.91,100.59
11.0,164.0,56.29,135.1
43.0,164.0,67.15,161.15
44.0,164.0,61.17,146.8
52.0,164.0,68.99,165.57
68.0,164.0,67.41,161.78
69.0,164.0,73.71,176.9
70.0,164.0,71.91,172.59
79.0,164.0,78.11,187.46
110.0,164.0,87.78,210.66
102.0,164.0,85.59,205.41
127.0,164.0,73.38,176.1
165.0,11.0,55.47,133.12
165.0,43.0,65.91,158.19
165.0,44.0,60.18,144.43
165.0,52.0,68.12,163.48
165.0,68.0,66.38,159.32
165.0,69.0,72.78,174.67
165.0,70.0,70.76,169.83
165.0,79.0,76.98,184.75
165.0,110.0,86.75,208.2
165.0,102.0,84.46,202.71
165.0,127.0,72.28,173.47
165.0,151.0,43.08,103.4
162.0,163.0,0.0,0.0
151.0,162.0,40.65,97.57
11.0,162.0,24.58,58.99
43.0,162.0,36.33,87.19
44.0,162.0,28.0,67.19
52.0,162.0,24.73,59.34
68.0,162.0,29.5,70.79
69.0,162.0,27.84,66.82
70.0,162.0,34.71,83.3
79.0,162.0,36.42,87.42
110.0,162.0,38.38,92.11
102.0,162.0,40.36,96.87
127.0,162.0,33.45,80.29
163.0,11.0,23.15,55.55
163.0,43.0,34.54,82.89
163.0,44.0,26.33,63.19
163.0,52.0,22.87,54.9
163.0,68.0,27.68,66.43
163.0,69.0,25.96,62.31
163.0,70.0,32.85,78.84
163.0,79.0,34.55,82.91
163.0,110.0,36.59,87.82
163.0,102.0,38.52,92.45
163.0,127.0,31.58,75.8
163.0,151.0,41.71,100.11
152.0,153.0,0.0,0.0
151.0,152.0,26.45,63.47
11.0,152.0,20.15,48.35
43.0,152.0,35.81,85.93
44.0,152.0,26.65,63.97
52.0,152.0,32.08,77.0
68.0,152.0,32.69,78.45
69.0,152.0,37.16,89.19
70.0,152.0,38.57,92.57
79.0,152.0,43.91,105.38
110.0,152.0,51.67,124.01
102.0,152.0,50.88,122.1
127.0,152.0,39.12,93.9
153.0,11.0,18.29,43.9
153.0,43.0,33.88,81.32
153.0,44.0,24.77,59.45
153.0,52.0,30.36,72.85
153.0,68.0,30.84,74.01
153.0,69.0,35.43,85.03
153.0,70.0,36.69,88.06
153.0,79.0,42.07,100.98
153.0,110.0,49.95,119.88
153.0,102.0,49.08,117.79
153.0,127.0,37.28,89.47
153.0,151.0,28.35,68.04
158.0,159.0,0.0,0.0
151.0,158.0,64.94,155.86
11.0,158.0,22.22,53.34
43.0,158.0,14.73,35.36
44.0,158.0,16.98,40.75
52.0,158.0,9.68,23.24
68.0,158.0,10.95,26.28
69.0,158.0,4.61,11.06
70.0,158.0,9.26,22.23
79.0,158.0,6.27,15.05
110.0,158.0,9.93,23.82
102.0,158.0,9.83,23.59
127.0,158.0,6.89,16.53
159.0,11.0,23.47,56.33
159.0,43.0,14.35,34.43
159.0,44.0,17.87,42.88
159.0,52.0,11.25,27.0
159.0,68.0,11.62,27.88
159.0,69.0,6.23,14.95
159.0,70.0,8.7,20.88
159.0,79.0,4.43,10.62
159.0,110.0,8.76,21.03
159.0,102.0,7.89,18.92
159.0,127.0,6.44,15.45
159.0,151.0,66.75,160.21
160.0,161.0,0.0,0.0
151.0,160.0,61.13,146.72
11.0,160.0,48.61,116.66
43.0,160.0,51.77,124.25
44.0,160.0,50.32,120.77
52.0,160.0,58.97,141.54
68.0,160.0,55.22,132.53
69.0,160.0,62.39,149.75
70.0,160.0,57.4,137.75
79.0,160.0,63.41,152.18
110.0,160.0,74.0,177.6
102.0,160.0,70.43,169.03
127.0,160.0,59.51,142.83
161.0,11.0,46.63,111.91
161.0,43.0,49.62,119.1
161.0,44.0,48.25,115.79
161.0,52.0,56.89,136.55
161.0,68.0,53.11,127.45
161.0,69.0,60.28,144.68
161.0,70.0,55.25,132.6
161.0,79.0,61.26,147.02
161.0,110.0,71.85,172.44
161.0,102.0,68.28,163.87
161.0,127.0,57.37,137.69
161.0,151.0,60.42,145.02
